slang_words,formal_words,word_index
@,di,@
abis,habis,a
ad,ada,a
adlh,adalah,a
afaik,as far as i know,a
ahaha,haha,a
aj,saja,a
ajep-ajep,dunia gemerlap,a
ak,saya,a
akika,aku,a
akkoh,aku,a
akuwh,aku,a
alay,norak,a
alow,halo,a
ambilin,ambilkan,a
ancur,hancur,a
anjrit,anjing,a
anter,antar,a
ap2,apa-apa,a
apasih,apa sih,a
apes,sial,a
aps,apa,a
aq,saya,a
aquwh,aku,a
asbun,asal bunyi,a
aseekk,asyik,a
asekk,asyik,a
asem,asam,a
aspal,asli tetapi palsu,a
astul,asal tulis,a
ato,atau,a
au ah,tidak mau tahu,a
awak,saya,a
ay,sayang,a
ayank,sayang,a
b4,sebelum,b
bakalan,akan,b
bandes,bantuan desa,b
bangedh,banget,b
banpol,bantuan polisi,b
banpur,bantuan tempur,b
basbang,basi,b
bcanda,bercanda,b
bdg,bandung,b
begajulan,nakal,b
beliin,belikan,b
bencong,banci,b
bentar,sebentar,b
ber3,bertiga,b
beresin,membereskan,b
bete,bosan,b
beud,banget,b
bg,abang,b
bgmn,bagaimana,b
bgt,banget,b
bijimane,bagaimana,b
bintal,bimbingan mental,b
bkl,akan,b
bknnya,bukannya,b
blegug,bodoh,b
blh,boleh,b
bln,bulan,b
blum,belum,b
bnci,benci,b
bnran,yang benar,b
bodor,lucu,b
bokap,ayah,b
boker,buang air besar,b
bokis,bohong,b
boljug,boleh juga,b
bonek,bocah nekat,b
boyeh,boleh,b
br,baru,b
brg,bareng,b
bro,saudara laki-laki,b
bru,baru,b
bs,bisa,b
bsen,bosan,b
bt,buat,b
btw,ngomong-ngomong,b
buaya,tidak setia,b
bubbu,tidur,b
bubu,tidur,b
bumil,ibu hamil,b
bw,bawa,b
bwt,buat,b
byk,banyak,b
byrin,bayarkan,b
cabal,sabar,c
cadas,keren,c
calo,makelar,c
can,belum,c
capcus,pergi,c
caper,cari perhatian,c
ce,cewek,c
cekal,cegah tangkal,c
cemen,penakut,c
cengengesan,tertawa,c
cepet,cepat,c
cew,cewek,c
chuyunk,sayang,c
cimeng,ganja,c
cipika cipiki,cium pipi kanan cium pipi kiri,c
ciyh,sih,c
ckepp,cakep,c
ckp,cakep,c
cmiiw,correct me if i'm wrong,c
cmpur,campur,c
cong,banci,c
conlok,cinta lokasi,c
cowwyy,maaf,c
cp,siapa,c
cpe,capek,c
cppe,capek,c
cucok,cocok,c
cuex,cuek,c
cumi,Cuma miscall,c
cups,culun,c
curanmor,pencurian kendaraan bermotor,c
curcol,curahan hati colongan,c
cwek,cewek,c
cyin,cinta,c
d,di,d
dah,deh,d
dapet,dapat,d
de,adik,d
dek,adik,d
demen,suka,d
deyh,deh,d
dgn,dengan,d
diancurin,dihancurkan,d
dimaafin,dimaafkan,d
dimintak,diminta,d
disono,di sana,d
dket,dekat,d
dkk,dan kawan-kawan,d
dll,dan lain-lain,d
dlu,dulu,d
dngn,dengan,d
dodol,bodoh,d
doku,uang,d
dongs,dong,d
dpt,dapat,d
dri,dari,d
drmn,darimana,d
drtd,dari tadi,d
dst,dan seterusnya,d
dtg,datang,d
duh,aduh,d
duren,durian,d
ed,edisi,e
egp,emang gue pikirin,e
eke,aku,e
elu,kamu,e
emangnya,memangnya,e
emng,memang,e
endak,tidak,e
enggak,tidak,e
envy,iri,e
ex,mantan,e
fax,facsimile,f
fifo,first in first out,f
folbek,follow back,f
fyi,sebagai informasi,f
gaada,tidak ada uang,g
gag,tidak,g
gaje,tidak jelas,g
gak papa,tidak apa-apa,g
gan,juragan,g
gaptek,gagap teknologi,g
gatek,gagap teknologi,g
gawe,kerja,g
gbs,tidak bisa,g
gebetan,orang yang disuka,g
geje,tidak jelas,g
gepeng,gelandangan dan pengemis,g
ghiy,lagi,g
gile,gila,g
gimana,bagaimana,g
gino,gigi nongol,g
githu,gitu,g
gj,tidak jelas,g
gmana,bagaimana,g
gn,begini,g
goblok,bodoh,g
golput,golongan putih,g
gowes,mengayuh sepeda,g
gpny,tidak punya,g
gr,gede rasa,g
gretongan,gratisan,g
gtau,tidak tahu,g
gua,saya,g
guoblok,goblok,g
gw,saya,g
ha,tertawa,h
haha,tertawa,h
hallow,halo,h
hankam,pertahanan dan keamanan,h
hehe,he,h
helo,halo,h
hey,hai,h
hlm,halaman,h
hny,hanya,h
hoax,isu bohong,h
hr,hari,h
hrus,harus,h
hubdar,perhubungan darat,h
huff,mengeluh,h
hum,rumah,h
humz,rumah,h
ilang,hilang,i
ilfil,tidak suka,i
imho,in my humble opinion,i
imoetz,imut,i
item,hitam,i
itungan,hitungan,i
iye,iya,i
ja,saja,j
jadiin,jadi,j
jaim,jaga image,j
jayus,tidak lucu,j
jdi,jadi,j
jem,jam,j
jga,juga,j
jgnkan,jangankan,j
jir,anjing,j
jln,jalan,j
jomblo,tidak punya pacar,j
jubir,juru bicara,j
jutek,galak,j
k,ke,k
kab,kabupaten,k
kabor,kabur,k
kacrut,kacau,k
kadiv,kepala divisi,k
kagak,tidak,k
kalo,kalau,k
kampret,sialan,k
kamtibmas,keamanan dan ketertiban masyarakat,k
kamuwh,kamu,k
kanwil,kantor wilayah,k
karna,karena,k
kasubbag,kepala subbagian,k
katrok,kampungan,k
kayanya,kayaknya,k
kbr,kabar,k
kdu,harus,k
kec,kecamatan,k
kejurnas,kejuaraan nasional,k
kekeuh,keras kepala,k
kel,kelurahan,k
kemaren,kemarin,k
kepengen,mau,k
kepingin,mau,k
kepsek,kepala sekolah,k
kesbang,kesatuan bangsa,k
kesra,kesejahteraan rakyat,k
ketrima,diterima,k
kgiatan,kegiatan,k
kibul,bohong,k
kimpoi,kawin,k
kl,kalau,k
klianz,kalian,k
kloter,kelompok terbang,k
klw,kalau,k
km,kamu,k
kmps,kampus,k
kmrn,kemarin,k
knal,kenal,k
knp,kenapa,k
kodya,kota madya,k
komdis,komisi disiplin,k
komsov,komunis sovyet,k
kongkow,kumpul bareng teman-teman,k
kopdar,kopi darat,k
korup,korupsi,k
kpn,kapan,k
krenz,keren,k
krm,kirim,k
kt,kita,k
ktmu,ketemu,k
ktr,kantor,k
kuper,kurang pergaulan,k
kw,imitasi,k
kyk,seperti,k
la,lah,l
lam,salam,l
lamp,lampiran,l
lanud,landasan udara,l
latgab,latihan gabungan,l
lebay,berlebihan,l
leh,boleh,l
lelet,lambat,l
lemot,lambat,l
lgi,lagi,l
lgsg,langsung,l
liat,lihat,l
litbang,penelitian dan pengembangan,l
lmyn,lumayan,l
lo,kamu,l
loe,kamu,l
lola,lambat berfikir,l
louph,cinta,l
low,kalau,l
lp,lupa,l
luber,"langsung, umum, bebas, dan rahasia",l
luchuw,lucu,l
lum,belum,l
luthu,lucu,l
lwn,lawan,l
maacih,terima kasih,m
mabal,bolos,m
macem,macam,m
macih,masih,m
maem,makan,m
magabut,makan gaji buta,m
maho,homo,m
mak jang,kaget,m
maksain,memaksa,m
malem,malam,m
mam,makan,m
maneh,kamu,m
maniez,manis,m
mao,mau,m
masukin,masukkan,m
melu,ikut,m
mepet,dekat sekali,m
mgu,minggu,m
migas,minyak dan gas bumi,m
mikol,minuman beralkohol,m
miras,minuman keras,m
mlah,malah,m
mngkn,mungkin,m
mo,mau,m
mokad,mati,m
moso,masa,m
mpe,sampai,m
msk,masuk,m
mslh,masalah,m
mt,makan teman,m
mubes,musyawarah besar,m
mulu,melulu,m
mumpung,selagi,m
munas,musyawarah nasional,m
muntaber,muntah dan berak,m
musti,mesti,m
muupz,maaf,m
mw,now watching,m
n,dan,n
nanam,menanam,n
nanya,bertanya,n
napa,kenapa,n
napi,narapidana,n
napza,"narkotika, alkohol, psikotropika, dan zat adiktif ",n
narkoba,"narkotika, psikotropika, dan obat terlarang",n
nasgor,nasi goreng,n
nda,tidak,n
ndiri,sendiri,n
ne,ini,n
nekolin,neokolonialisme,n
nembak,menyatakan cinta,n
ngabuburit,menunggu berbuka puasa,n
ngaku,mengaku,n
ngambil,mengambil,n
nganggur,tidak punya pekerjaan,n
ngapah,kenapa,n
ngaret,terlambat,n
ngasih,memberikan,n
ngebandel,berbuat bandel,n
ngegosip,bergosip,n
ngeklaim,mengklaim,n
ngeksis,menjadi eksis,n
ngeles,berkilah,n
ngelidur,menggigau,n
ngerampok,merampok,n
ngga,tidak,n
ngibul,berbohong,n
ngiler,mau,n
ngiri,iri,n
ngisiin,mengisikan,n
ngmng,bicara,n
ngomong,bicara,n
ngubek2,mencari-cari,n
ngurus,mengurus,n
nie,ini,n
nih,ini,n
niyh,nih,n
nmr,nomor,n
nntn,nonton,n
nobar,nonton bareng,n
np,now playing,n
ntar,nanti,n
ntn,nonton,n
numpuk,bertumpuk,n
nutupin,menutupi,n
nyari,mencari,n
nyekar,menyekar,n
nyicil,mencicil,n
nyoblos,mencoblos,n
nyokap,ibu,n
ogah,tidak mau,o
ol,online,o
ongkir,ongkos kirim,o
oot,out of topic,o
org2,orang-orang,o
ortu,orang tua,o
otda,otonomi daerah,o
otw,"on the way, sedang di jalan",o
pacal,pacar,p
pake,pakai,p
pala,kepala,p
pansus,panitia khusus,p
parpol,partai politik,p
pasutri,pasangan suami istri,p
pd,pada,p
pede,percaya diri,p
pelatnas,pemusatan latihan nasional,p
pemda,pemerintah daerah,p
pemkot,pemerintah kota,p
pemred,pemimpin redaksi,p
penjas,pendidikan jasmani,p
perda,peraturan daerah,p
perhatiin,perhatikan,p
pesenan,pesanan,p
pgang,pegang,p
pi,tapi,p
pilkada,pemilihan kepala daerah,p
pisan,sangat,p
pk,penjahat kelamin,p
plg,paling,p
pmrnth,pemerintah,p
polantas,polisi lalu lintas,p
ponpes,pondok pesantren,p
pp,pulang pergi,p
prg,pergi,p
prnh,pernah,p
psen,pesan,p
pst,pasti,p
pswt,pesawat,p
pw,posisi nyaman,p
qmu,kamu,q
rakor,rapat koordinasi,r
ranmor,kendaraan bermotor,r
re,reply,r
ref,referensi,r
rehab,rehabilitasi,r
rempong,sulit,r
repp,balas,r
restik,reserse narkotika,r
rhs,rahasia,r
rmh,rumah,r
ru,baru,r
ruko,rumah toko,r
rusunawa,rumah susun sewa,r
ruz,terus,r
saia,saya,s
salting,salah tingkah,s
sampe,sampai,s
samsek,sama sekali,s
sapose,siapa,s
satpam,satuan pengamanan,s
sbb,sebagai berikut,s
sbh,sebuah,s
sbnrny,sebenarnya,s
scr,secara,s
sdgkn,sedangkan,s
sdkt,sedikit,s
se7,setuju,s
sebelas dua belas,mirip,s
sembako,sembilan bahan pokok,s
sempet,sempat,s
sendratari,seni drama tari,s
sgt,sangat,s
shg,sehingga,s
siech,sih,s
sikon,situasi dan kondisi,s
sinetron,sinema elektronik,s
siramin,siramkan,s
sj,saja,s
skalian,sekalian,s
sklh,sekolah,s
skt,sakit,s
slesai,selesai,s
sll,selalu,s
slma,selama,s
slsai,selesai,s
smpt,sempat,s
smw,semua,s
sndiri,sendiri,s
soljum,sholat jumat,s
songong,sombong,s
sory,maaf,s
sosek,sosial-ekonomi,s
sotoy,sok tahu,s
spa,siapa,s
sppa,siapa,s
spt,seperti,s
srtfkt,sertifikat,s
stiap,setiap,s
stlh,setelah,s
suk,masuk,s
sumpek,sempit,s
syg,sayang,s
t4,tempat,t
tajir,kaya,t
tau,tahu,t
taw,tahu,t
td,tadi,t
tdk,tidak,t
teh,kakak perempuan,t
telat,terlambat,t
telmi,telat berpikir,t
temen,teman,t
tengil,menyebalkan,t
tepar,terkapar,t
tggu,tunggu,t
tgu,tunggu,t
thankz,terima kasih,t
thn,tahun,t
tilang,bukti pelanggaran,t
tipiwan,TvOne,t
tks,terima kasih,t
tlp,telepon,t
tls,tulis,t
tmbah,tambah,t
tmen2,teman-teman,t
tmpah,tumpah,t
tmpt,tempat,t
tngu,tunggu,t
tnyta,ternyata,t
tokai,tai,t
toserba,toko serba ada,t
tpi,tapi,t
trdhulu,terdahulu,t
trima,terima kasih,t
trm,terima,t
trs,terus,t
trutama,terutama,t
ts,penulis,t
tst,tahu sama tahu,t
ttg,tentang,t
tuch,tuh,t
tuir,tua,t
tw,tahu,t
u,kamu,u
ud,sudah,u
udah,sudah,u
ujg,ujung,u
ul,ulangan,u
unyu,lucu,u
uplot,unggah,u
urang,saya,u
usah,perlu,u
utk,untuk,u
valas,valuta asing,v
w/,dengan,w
wadir,wakil direktur,w
wamil,wajib militer,w
warkop,warung kopi,w
warteg,warung tegal,w
wat,buat,w
wkt,waktu,w
wtf,what the fuck,w
xixixi,tertawa,x
ya,iya,y
yap,iya,y
yaudah,ya sudah,y
yawdah,ya sudah,y
yg,yang,y
yl,yang lain,y
yo,iya,y
yowes,ya sudah,y
yup,iya,y
7an,tujuan,7
ababil,abg labil,a
acc,accord,a
adlah,adalah,a
adoh,aduh,a
aha,tertawa,a
aing,saya,a
aja,saja,a
ajj,saja,a
aka,dikenal juga sebagai,a
akko,aku,a
akku,aku,a
akyu,aku,a
aljasa,asal jadi saja,a
ama,sama,a
ambl,ambil,a
anjir,anjing,a
ank,anak,a
ap,apa,a
apaan,apa,a
ape,apa,a
aplot,unggah,a
apva,apa,a
aqu,aku,a
asap,sesegera mungkin,a
aseek,asyik,a
asek,asyik,a
aseknya,asyiknya,a
asoy,asyik,a
astrojim,astagfirullahaladzim,a
ath,kalau begitu,a
atuh,kalau begitu,a
ava,avatar,a
aws,awas,a
ayang,sayang,a
ayok,ayo,a
bacot,banyak bicara,b
bales,balas,b
bangdes,pembangunan desa,b
bangkotan,tua,b
banpres,bantuan presiden,b
bansarkas,bantuan sarana kesehatan,b
bazis,"badan amal, zakat, infak, dan sedekah",b
bcoz,karena,b
beb,sayang,b
bejibun,banyak,b
belom,belum,b
bener,benar,b
ber2,berdua,b
berdikari,berdiri di atas kaki sendiri,b
bet,banget,b
beti,beda tipis,b
beut,banget,b
bgd,banget,b
bgs,bagus,b
bhubu,tidur,b
bimbuluh,bimbingan dan penyuluhan,b
bisi,kalau-kalau,b
bkn,bukan,b
bl,beli,b
blg,bilang,b
blm,belum,b
bls,balas,b
bnchi,benci,b
bngung,bingung,b
bnyk,banyak,b
bohay,badan aduhai,b
bokep,porno,b
bokin,pacar,b
bole,boleh,b
bolot,bodoh,b
bonyok,ayah ibu,b
bpk,bapak,b
brb,segera kembali,b
brngkt,berangkat,b
brp,berapa,b
brur,saudara laki-laki,b
bsa,bisa,b
bsk,besok,b
bu_bu,tidur,b
bubarin,bubarkan,b
buber,buka bersama,b
bujubune,luar biasa,b
buser,buru sergap,b
bwhn,bawahan,b
byar,bayar,b
byr,bayar,b
c8,chat,c
cabut,pergi,c
caem,cakep,c
cama-cama,sama-sama,c
cangcut,celana dalam,c
cape,capek,c
caur,jelek,c
cekak,tidak ada uang,c
cekidot,coba lihat,c
cemplungin,cemplungkan,c
ceper,pendek,c
ceu,kakak perempuan,c
cewe,cewek,c
cibuk,sibuk,c
cin,cinta,c
ciye,cie,c
ckck,ck,c
clbk,cinta lama bersemi kembali,c
cmpr,campur,c
cnenk,senang,c
congor,mulut,c
cow,cowok,c
coz,karena,c
cpa,siapa,c
gokil,gila,g
gombal,suka merayu,g
gpl,tidak pakai lama,g
gpp,tidak apa-apa,g
gretong,gratis,g
gt,begitu,g
gtw,tidak tahu,g
gue,saya,g
guys,teman-teman,g
gws,cepat sembuh,g
haghaghag,tertawa,h
hakhak,tertawa,h
handak,bahan peledak,h
hansip,pertahanan sipil,h
hellow,halo,h
helow,halo,h
hi,hai,h
hlng,hilang,h
hnya,hanya,h
houm,rumah,h
hrs,harus,h
hubad,hubungan angkatan darat,h
hubla,perhubungan laut,h
huft,mengeluh,h
humas,hubungan masyarakat,h
idk,saya tidak tahu,i
ilfeel,tidak suka,i
imba,jago sekali,i
imoet,imut,i
info,informasi,i
itung,hitung,i
isengin,bercanda,i
iyala,iya lah,i
iyo,iya,i
jablay,jarang dibelai,j
jadul,jaman dulu,j
jancuk,anjing,j
jd,jadi,j
jdikan,jadikan,j
jg,juga,j
jgn,jangan,j
jijay,jijik,j
jkt,jakarta,j
jnj,janji,j
jth,jatuh,j
jurdil,jujur adil,j
jwb,jawab,j
ka,kakak,k
kabag,kepala bagian,k
kacian,kasihan,k
kadit,kepala direktorat,k
kaga,tidak,k
kaka,kakak,k
kamtib,keamanan dan ketertiban,k
kamuh,kamu,k
kamyu,kamu,k
kapt,kapten,k
kasat,kepala satuan,k
kasubbid,kepala subbidang,k
kau,kamu,k
kbar,kabar,k
kcian,kasihan,k
keburu,terlanjur,k
kedubes,kedutaan besar,k
kek,seperti,k
keknya,kayaknya,k
keliatan,kelihatan,k
keneh,masih,k
kepikiran,terpikirkan,k
kepo,mau tahu urusan orang,k
kere,tidak punya uang,k
kesian,kasihan,k
ketauan,ketahuan,k
keukeuh,keras kepala,k
khan,kan,k
kibus,kaki busuk,k
kk,kakak,k
klian,kalian,k
klo,kalau,k
kluarga,keluarga,k
klwrga,keluarga,k
kmari,kemari,k
kmpus,kampus,k
kn,kan,k
knl,kenal,k
knpa,kenapa,k
kog,kok,k
kompi,komputer,k
komtiong,komunis Tiongkok,k
konjen,konsulat jenderal,k
koq,kok,k
kpd,kepada,k
kptsan,keputusan,k
krik,garing,k
krn,karena,k
ktauan,ketahuan,k
ktny,katanya,k
kudu,harus,k
kuq,kok,k
ky,seperti,k
kykny,kayanya,k
laka,kecelakaan,l
lambreta,lambat,l
lansia,lanjut usia,l
lapas,lembaga pemasyarakatan,l
lbur,libur,l
lekong,laki-laki,l
lg,lagi,l
lgkp,lengkap,l
lht,lihat,l
linmas,perlindungan masyarakat,l
lmyan,lumayan,l
lngkp,lengkap,l
loch,loh,l
lol,tertawa,l
lom,belum,l
loupz,cinta,l
lowh,kamu,l
lu,kamu,l
luchu,lucu,l
luff,cinta,l
luph,cinta,l
lw,kamu,l
lwt,lewat,l
maaciw,terima kasih,m
mabes,markas besar,m
macem-macem,macam-macam,m
madesu,masa depan suram,m
maen,main,m
mahatma,maju sehat bersama,m
mak,ibu,m
makasih,terima kasih,m
malah,bahkan,m
malu2in,memalukan,m
mamz,makan,m
manies,manis,m
mantep,mantap,m
markus,makelar kasus,m
mba,mbak,m
mending,lebih baik,m
mgkn,mungkin,m
mhn,mohon,m
miker,minuman keras,m
milis,mailing list,m
mksd,maksud,m
mls,malas,m
mnt,minta,m
moge,motor gede,m
mokat,mati,m
mosok,masa,m
msh,masih,m
mskpn,meskipun,m
msng2,masing-masing,m
muahal,mahal,m
muker,musyawarah kerja,m
mumet,pusing,m
muna,munafik,m
munaslub,musyawarah nasional luar biasa,m
musda,musyawarah daerah,m
muup,maaf,m
muuv,maaf,m
nal,kenal,n
nangis,menangis,n
naon,apa,n
napol,narapidana politik,n
naq,anak,n
narsis,bangga pada diri sendiri,n
nax,anak,n
ndak,tidak,n
ndut,gendut,n
nekolim,neokolonialisme,n
nelfon,menelepon,n
ngabis2in,menghabiskan,n
ngakak,tertawa,n
ngambek,marah,n
ngampus,pergi ke kampus,n
ngantri,mengantri,n
ngapain,sedang apa,n
ngaruh,berpengaruh,n
ngawur,berbicara sembarangan,n
ngeceng,kumpul bareng-bareng,n
ngeh,sadar,n
ngekos,tinggal di kos,n
ngelamar,melamar,n
ngeliat,melihat,n
ngemeng,bicara terus-terusan,n
ngerti,mengerti,n
nggak,tidak,n
ngikut,ikut,n
nginep,menginap,n
ngisi,mengisi,n
ngmg,bicara,n
ngocol,lucu,n
ngomongin,membicarakan,n
ngumpul,berkumpul,n
ni,ini,n
nyasar,tersesat,n
nyariin,mencari,n
nyiapin,mempersiapkan,n
nyiram,menyiram,n
nyok,ayo,n
o/,oleh,o
ok,ok,o
priksa,periksa,p
pro,profesional,p
psn,pesan,p
psti,pasti,p
puanas,panas,p
qmo,kamu,q
qt,kita,q
rame,ramai,r
raskin,rakyat miskin,r
red,redaksi,r
reg,register,r
rejeki,rezeki,r
renstra,rencana strategis,r
reskrim,reserse kriminal,r
sni,sini,s
somse,sombong sekali,s
sorry,maaf,s
sosbud,sosial-budaya,s
sospol,sosial-politik,s
sowry,maaf,s
spd,sepeda,s
sprti,seperti,s
spy,supaya,s
stelah,setelah,s
subbag,subbagian,s
sumbangin,sumbangkan,s
sy,saya,s
syp,siapa,s
tabanas,tabungan pembangunan nasional,t
tar,nanti,t
taun,tahun,t
tawh,tahu,t
tdi,tadi,t
te2p,tetap,t
tekor,rugi,t
telkom,telekomunikasi,t
telp,telepon,t
temen2,teman-teman,t
tengok,menjenguk,t
terbitin,terbitkan,t
tgl,tanggal,t
thanks,terima kasih,t
thd,terhadap,t
thx,terima kasih,t
tipi,TV,t
tkg,tukang,t
tll,terlalu,t
tlpn,telepon,t
tman,teman,t
tmbh,tambah,t
tmn2,teman-teman,t
tmph,tumpah,t
tnda,tanda,t
tnh,tanah,t
togel,toto gelap,t
tp,tapi,t
tq,terima kasih,t
trgntg,tergantung,t
trims,terima kasih,t
cb,coba,c
y,ya,y
munfik,munafik,m
reklamuk,reklamasi,r
sma,sama,s
tren,trend,t
ngehe,kesal,n
mz,mas,m
analisise,analisis,a
sadaar,sadar,s
sept,september,s
nmenarik,menarik,n
zonk,bodoh,z
rights,benar,r
simiskin,miskin,s
ngumpet,sembunyi,n
hardcore,keras,h
akhirx,akhirnya,a
solve,solusi,s
watuk,batuk,w
ngebully,intimidasi,n
masy,masyarakat,m
still,masih,s
tauk,tahu,t
mbual,bual,m
tioghoa,tionghoa,t
ngentotin,senggama,n
kentot,senggama,k
faktakta,fakta,f
sohib,teman,s
rubahnn,rubah,r
trlalu,terlalu,t
nyela,cela,n
heters,pembenci,h
nyembah,sembah,n
most,paling,m
ikon,lambang,i
light,terang,l
pndukung,pendukung,p
setting,atur,s
seting,akting,s
next,lanjut,n
waspadalah,waspada,w
gantengsaya,ganteng,g
parte,partai,p
nyerang,serang,n
nipu,tipu,n
ktipu,tipu,k
jentelmen,berani,j
buangbuang,buang,b
tsangka,tersangka,t
kurng,kurang,k
ista,nista,i
less,kurang,l
koar,teriak,k
paranoid,takut,p
problem,masalah,p
tahi,kotoran,t
tirani,tiran,t
tilep,tilap,t
happy,bahagia,h
tak,tidak,t
penertiban,tertib,p
uasai,kuasa,u
mnolak,tolak,m
trending,trend,t
taik,tahi,t
wkwkkw,tertawa,w
ahokncc,ahok,a
istaa,nista,i
benarjujur,jujur,b
mgkin,mungkin,m
22nya,dua-duanya,2
aaaaaaakkk,ah,a
aaaaahhhh,ah,a
aaaammmiiiinnnn,amin,a
aaahh,ah,a
aaamiiin,amin,a
aaamiiinnn,amin,a
aaamin,amin,a
aahh,ah,a
aama,sama,a
aamien,amien,a
aamiiiiinnn,amin,a
aamiiiinnnnn,amin,a
aamiiin,amin,a
aamiin,amin,a
aamiinin,amin,a
aamiinnn,amin,a
aamin,amin,a
"abal""",abal-abal,a
abal2,abal-abal,a
abanggg,abang,a
abanggku,abangku,a
abeees,habis,a
abes,habis,a
abez,habis,a
abg,abang,a
abgnya,abangnya,a
abgnyaah,abangnya,a
abiiiiisssss,habis,a
abiiiss,habis,a
abis2,habis-habis,a
abiss,habis,a
abisss,habis,a
abiz,habis,a
abizzz,habis,a
abizzzz,habis,a
abs,habis,a
acra,acara,a
ada2,ada-ada,a
adaa,ada,a
adain,mengadakan,a
adapin,menghadapi,a
add,ada,a
ade,adek,a
adeeek,adek,a
adek2,adek-adek,a
adekx,adeknya,a
ademm,adem,a
ademmm,adem,a
adengan,adegan,a
adenya,adeknya,a
adeuh,aduh,a
adiik,adik,a
adkah,adakah,a
adl,adalah,a
aduhh,aduh,a
aduhhh,aduh,a
aduhhhhhhhhh,aduh,a
aduuh,aduh,a
aduuhh,aduh,a
aduuhhh,aduh,a
aduuhhhh,aduh,a
aduuuh,aduh,a
adyem,adem,a
ae,saja,a
aee,saja,a
aelah,alah,a
aer,air,a
agama'ny,agamanya,a
agan2,agan-agan,a
agk,agak,a
agma,agama,a
ahahahanjirrr,anjir,a
ahh,ah,a
ahhh,ah,a
ahhhh,ah,a
ajaa,saja,a
ajaaa,saja,a
ajaaahhhhh,saja,a
ajah,saja,a
ajahhh,saja,a
ajaibb,ajaib,a
ajaibbbbb,ajaib,a
ajakin,mengajak,a
ajarin,ajarkan,a
aje,saja,a
ajh,saja,a
ajha,saja,a
ajhh,saja,a
ajibb,ajib,a
ajja,saja,a
ajjh,saja,a
akau,aku,a
akhirt,akhirat,a
akhlah,akhlak,a
akhrt,akhirat,a
akn,akan,a
akuh,aku,a
akuhh,aku,a
akuu,aku,a
akuuu,aku,a
akuuuur,akur,a
ala2,ala-ala,a
alaami,alami,a
alak,kepala,a
alamii,alami,a
alamiii,alami,a
alhamd,alhamdulillah,a
alhamdulillaaaaah,alhamdulillah,a
alissnyaa,alisnya,a
alkhamdulilah,alhamdulillah,a
allaahh,allah,a
allahh,allah,a
allahhhh,allah,a
allahhhhhhh,allah,a
alloh,allah,a
alm,almarhum,a
almh,almarhumah,a
aloh,allah,a
alu,aku,a
am,sama,a
amaattt,amat,a
amad,amat,a
amatt,amat,a
ameen,amin,a
amen,amin,a
amfun,ampun,a
amiend,amien,a
amienn,amien,a
amiennn,amien,a
amiennnn,amien,a
amiien,amien,a
amiiiiiiiiiiiiiiiiin,amin,a
amiiiiiiiiiiin,amin,a
amiiiiiiiiiinnnnnnn,amin,a
amiiiiin,amin,a
amiiiiinnn,amin,a
amiiiiinnnnn,amin,a
amiiiin,amin,a
amiiin,amin,a
amiiinn,amin,a
amiiinnn,amin,a
amiiinnnn,amin,a
amiin,amin,a
amiinn,amin,a
amiinnn,amin,a
amiinnnn,amin,a
amin2,amin-amin,a
aminn,amin,a
aminn2,amin-amin,a
aminnn,amin,a
aminnnn,amin,a
aminnnn2,amin-amin,a
aminnnnn,amin,a
amit2,amit-amit,a
ammiiin,amin,a
ammin,amin,a
amohhh,kamu,a
ampe,sampai,a
amploppp,amplop,a
ampunn,ampun,a
ampunnnn,ampun,a
ampunnnnn,ampun,a
ampuun,ampun,a
ampuunn,ampun,a
ampuuun,ampun,a
ampuuunn,ampun,a
ampyunnnn,ampun,a
amu,kamu,a
"anak""",anak-anak,a
anak'y,anaknya,a
anak2,anak-anak,a
anak2e,anak-anaknya,a
anak2mu,anak-anakmu,a
anak2nya,anak-anaknya,a
anakny,anaknya,a
anakx,anaknya,a
ancurrr,hancur,a
andaaa,anda,a
aned,banget,a
anedh,banget,a
aneed,banget,a
aneh2,aneh-aneh,a
anehhh,aneh,a
aneut,banget,a
anj,anjing,a
anjaaaayyyyyy,anjay,a
anjaayy,anjay,a
anjayyyy,anjay,a
anjingnyaa,anjingnya,a
anjirr,anjir,a
anjirrr,anjir,a
anjirrrr,anjir,a
anjjjjjjjj,anjing,a
"ank""",anak-anak,a
ank2,anak-anak,a
ank2nya,anak-anaknya,a
ankknyaaa,anaknya,a
anknya,anaknya,a
ankx,anaknya,a
annnnjjjjjjrrrr,anjir,a
anterin,antar,a
anugrah,anugerah,a
anyeng,anjing,a
"apa""",apa-apa,a
apa2,apa-apa,a
apa2nya,apa-apanya,a
apaa,apa,a
apaaa,apa,a
apaaan,apaan,a
apaalahh,apalah,a
apah,apa,a
apain,apai,a
apal,hapal,a
apalagiii,apalagi,a
apalai,apalagi,a
apalg,apalagi,a
apalgi,apalagi,a
apasihhh,apasih,a
apikkkk,apik,a
aplikasiin,mengaplikasikan,a
aplks,aplikasi,a
apo,apa,a
appa,apa,a
applikasi,aplikasi,a
apun,apapun,a
apus,hapus,a
arab2,arab-arab,a
arghhh,ah,a
"artis""",artis-artis,a
artis2,artis-artis,a
artisnyaa,artisnya,a
"artist""",artis-artis,a
artix,artinya,a
asikkk,asik,a
asliii,asli,a
asliiii,asli,a
asliiiii,asli,a
aslinyo,aslinya,a
astafirullah,astagfirullah,a
astagaa,astaga,a
astagaaa,astaga,a
astagaaaa,astaga,a
astagaaaaaa,astaga,a
astagaaaaaaaa,astaga,a
astagfirrullah,astagfirullah,a
astagfirullh,astagfirullah,a
astauviruloh,astagfirullah,a
astgfrlh,astagfirullah,a
astgfrullah,astagfirullah,a
asuuu,asu,a
asyikkkkk,asyik,a
atassan,atasan,a
atassss,atas,a
"ati""",hati-hati,a
ati2,hati-hati,a
ats,atas,a
atu,satu,a
atuhh,atuh,a
atuhhh,atuh,a
atutt,takut,a
atuu,satu,a
atw,atau,a
aurot,aurat,a
autuhh,tau tuh,a
awaas,awas,a
awal2,awal-awal,a
awk,awak,a
awl,awal,a
awoohhh,allah,a
ayahh,ayah,a
ayoklaa,ayolah,a
ayoo,ayo,a
ayooo,ayo,a
ayoook,ayo,a
ayoookkkkkk,ayo,a
ayoooo,ayo,a
ayooook,ayo,a
ayuk,ayo,a
ayukk,yuk,a
aza,saja,a
azaab,azab,a
azeeeek,asik,a
azekkkk,asik,a
b2,berdua,b
b2an,berduaan,b
b3,bertiga,b
baaaaaang,bang,b
baaiikkk,baik,b
baang,bang,b
baanget,banget,b
baanggeettt,banget,b
babget,banget,b
baca2,baca-baca,b
bacaaaa,baca,b
bacahalah,bacalah,b
bacotin,bacoti,b
badaaiii,badai,b
badaii,badai,b
badingkan,membandingkan,b
bae2,baik-baik,b
baek,baik,b
baek2,baik-baik,b
bagaatt,banget,b
bagaimanaaa,bagaimana,b
bagaimna,bagaimana,b
baget,banget,b
bagi2,bagi-bagi,b
bagiii,bagi,b
bagiin,bagikan,b
bagus2,bagus-bagus,b
bagusnyeee,bagusnya,b
baguss,bagus,b
bagusss,bagus,b
bagussss,bagus,b
baguusss,bagus,b
baguuus,bagus,b
baguuuuus,bagus,b
bahas2,bahas-bahas,b
baik2,baik-baik,b
baik2nya,baik-baiknya,b
baikk,baik,b
baikxa,baiknya,b
baju'a,bajunya,b
baju.a,bajunya,b
baju2,baju-baju,b
bakar2in,bakar-bakari,b
bakattt,bakat,b
bales2in,balas-membalas,b
balesin,membalas,b
bandingin,bandingkan,b
bangat,banget,b
bangcat,bangsat,b
banged,banget,b
bangedd,banget,b
bangedt,banget,b
bangeeeeetttt,banget,b
bangeeeet,banget,b
bangeeet,banget,b
bangeeettt,banget,b
bangeer,banget,b
bangeet,banget,b
bangeett,banget,b
bangeettt,banget,b
banger,banget,b
bangets,banget,b
bangett,banget,b
bangettt,banget,b
bangetttt,banget,b
bangettttt,banget,b
bangetttttt,banget,b
bangettttttt,banget,b
bangetttttttt,banget,b
bangetttttyt,banget,b
bangg,bang,b
"bangga""in",membangga-banggakan,b
bangga2in,membangga-banggakan,b
banggain,banggakan,b
bangget,banget,b
banggett,banget,b
bangke,bangkai,b
bangkret,bangkrut,b
bangrt,banget,b
bangshad,bangsat,b
bangt,banget,b
"bangt""",banget-banget,b
banhet,banget,b
bante,bantai,b
bantuanny,bantuannya,b
bantuim,bantu,b
banx,bang,b
banyaaaaaak,banyak,b
banyaaaak,banyak,b
banyaak,banyak,b
banyak2,banyak-banyak,b
banyakin,membanyaki,b
bape,bawa perasaan,b
bapeeeer,bawa perasaan,b
bapeerr,bawa perasaan,b
baper,bawa perasaan,b
baperr,bawa perasaan,b
baraang,barang,b
barang2,barang-barang,b
barengg,bareng,b
baru2,baru-baru,b
baruu,baru,b
basodaraa,bersaudara,b
bat,banget,b
batesin,batasi,b
batikk,batik,b
battt,banget,b
batwc,banget,b
"bawa""",bawa-bawa,b
bawa2,bawa-bawa,b
bawak,bawa,b
bayangin,bayangkan,b
bazengg,bajingan,b
bbrp,beberapa,b
bbrpa,beberapa,b
bc,baca,b
bca,baca,b
bcnda,bercanda,b
bdampingan,berdampingan,b
bdan,badan,b
bdn,badan,b
bebrp,beberapa,b
beda2,beda-beda,b
bedaa,beda,b
bedaaa,beda,b
bedain,membedakan,b
bedainnya,membedakannya,b
bedanyaaa,bedanya,b
bedua,berdua,b
begete,banget,b
beginii,begini,b
beginiiii,begini,b
begok,bego,b
bejilbbnya,berjilbabnya,b
"bela""in",membela-bela,b
bela2in,membela-bela,b
belain,membela,b
belanjaa,belanja,b
beliiin,belikan,b
bellain,membela,b
belooomm,belum,b
beluumm,belum,b
benahin,membenahi,b
"benar""",benar-benar,b
benar2,benar-benar,b
benarin,membenarkan,b
benda2,benda-benda,b
"bener""",benar-benar,b
bener2,benar-benar,b
beneraan,benaran,b
beneran,benaran,b
benerr,benar,b
benet,benar,b
benetaran,benaran,b
bengkak2,bengkak-bengkak,b
benneeeeeerr,benar,b
bentarr,bentar,b
ber'expresi,berekspresi,b
berangat,berangkat,b
berani2,berani-berani,b
berarto,berarti,b
berati,berarti,b
beratttttttt,berat,b
berbakiti,berbakti,b
berbeda2,berbeda-beda,b
berbiiiiiihhh,barbie,b
berenanh,berenang,b
berfikir,berpikir,b
bergunaa,berguna,b
berhijap,berhijab,b
berjinah,berzina,b
berkluarga,berkeluarga,b
bermaksut,bermaksud,b
berntung,beruntung,b
bertatto,bertato,b
bertolernsi,bertoleransi,b
beruntungnyaaaa,beruntungnya,b
"besar""",besar-besar,b
besar2an,besar-besaran,b
besar2in,besar-besarkan,b
besarin,membesarkan,b
besokkk,besok,b
besook,besok,b
bets,banget,b
bettt,banget,b
betul2,betul-betul,b
betuuuuulllllllllllllllll,betul,b
beudd,banget,b
bgect,banget,b
bget,banget,b
bgettt,banget,b
bgi,bagi,b
bgini,begini,b
bgitu,begitu,b
bgmana,bagaimana,b
bgmna,bagaimana,b
bgni,begini,b
bgtt,banget,b
bgttt,banget,b
bgtttt,banget,b
bgttttttt,banget,b
bgtttttttt,banget,b
bgtu,begitu,b
bgtuu,begitu,b
bgun,bangun,b
bgus,bagus,b
bgussss,bagus,b
bhagaia,bahagia,b
bhagia,bahagia,b
bhas,bahas,b
bhet,banget,b
bhgia,bahagia,b
bhgiain,membahagiakan,b
bhijab,berhijab,b
bhkn,bahkan,b
bhn,bahan,b
bhnya,bahannya,b
bhs,bahasa,b
bhw,bahwa,b
bhwa,bahwa,b
biarin,biarkan,b
biasa2,biasa-biasa,b
biasaa,biasa,b
biasaaa,biasa,b
biasaaaa,biasa,b
biasahhh,biasa,b
bijak2,bijak-bijak,b
bijin,bikin,b
bikinin,membikin,b
bikinnn,bikin,b
"bilang""",bilang-bilang,b
bilang2,bilang-bilang,b
bilangg,bilang,b
bilangin,bilang,b
bilanh,bilang,b
bilng,bilang,b
binggo,banget,b
bingiiittttzzzz,banget,b
bingiiittzz,banget,b
bingiit,banget,b
bingiittt,banget,b
bingit,banget,b
bingits,banget,b
bingitss,banget,b
bingitsss,banget,b
bingitt,banget,b
bingittzz,banget,b
bingitzzzz,banget,b
bird,biru,b
biri,biru,b
bisaa,bisa,b
bisaaa,bisa,b
bisax,bisanya,b
biza,bisa,b
bju,baju,b
bka,buka,b
bkal,bakal,b
bkan,bukan,b
bkin,bikin,b
bkln,bakalan,b
blajar,belajar,b
blakon,berlakon,b
bleh,boleh,b
bli,beli,b
bli2n,beli-belikan,b
blik,balik,b
blim,belum,b
bljr,belajar,b
blkang,belakang,b
blkng,belakang,b
blln,bulan,b
blng,bilang,b
blnja,belanja,b
bloghhh,goblok,b
blom,belum,b
bnda,bunda,b
bner,benar,b
"bner""",benar-benar,b
bner2,benar-benar,b
bneraan,benaran,b
bneran,benaran,b
bnern,benaran,b
bnerr,benar,b
bng,bang,b
bngatt,banget,b
bngeeeetttt,banget,b
bngeet,banget,b
bnget,banget,b
bngett,banget,b
bngettt,banget,b
bngetttt,banget,b
bnggain,banggakan,b
bngkit,bangkit,b
bngt,banget,b
bngtt,banget,b
bngttt,banget,b
bngtttt,banget,b
bngtzt,banget,b
bngun,bangun,b
bngunlah,bangunlah,b
bngy,banget,b
bnk,bang,b
bnr,benar,b
bnr2,benar-benar,b
bnrn,benaran,b
bntar,bentar,b
bntr,bentar,b
bntu,bantu,b
bnyak,banyak,b
bo'ong,bohong,b
bodhoo,bodoh,b
bodhooo,bodoh,b
bol3h,boleh,b
bolang,bocah petualang,b
boleh2,boleh-boleh,b
boong,bohong,b
boro2,boro-boro,b
bosaan,bosan,b
bosen,bosan,b
bosen2,bosan-bosan,b
bosenin,membosankan,b
boss,bos,b
botakin,botaki,b
botakkkk,botak,b
bpkmu,bapakmu,b
bpknya,bapaknya,b
bradegan,beradegan,b
brangnya,barangnya,b
brani,berani,b
branjak,beranjak,b
brantem,berantem,b
brapa,berapa,b
brarti,berarti,b
brasa,berasa,b
brayyy,bray,b
brbakti,berbakti,b
brbuat,berbuat,b
brdiri,berdiri,b
brdua,berdua,b
brengsekk,brengsek,b
bres,beres,b
"brg""",bareng-bareng,b
brhasil,berhasil,b
brhjb,berhijab,b
brisi,berisi,b
brita,berita,b
britanya,beritanya,b
brjdh,berjodoh,b
brjodoh,berjodoh,b
brkunjun,berkunjung,b
bronis,brondong manis,b
brpa,berapa,b
brpndapat,berpendapat,b
brrt,berarti,b
brrti,berarti,b
brsama,bersama,b
brsma,bersama,b
brsyukur,bersyukur,b
brtngkar,bertengkar,b
brubah,berubah,b
brusaha,berusaha,b
bsok,besok,b
btuh,butuh,b
btul,betul,b
btulan,betulan,b
buanget,banget,b
buanyaaak,banyak,b
buatin,membuat,b
bujngn,bujangan,b
bujukk,bujuk,b
buka2,buka-buka,b
buka2an,buka-bukaan,b
bukak,buka,b
bukan'a,bukannya,b
bukn,bukan,b
bukti2,bukti-bukti,b
buktiin,membuktikan,b
buktinyaaa,buktinya,b
bulet,bulat,b
bund,bunda,b
bundaa,bunda,b
bundaaa,bunda,b
bundaaaa,bunda,b
bunga2,bunga-bunga,b
bungggg,bung,b
bungkusin,bungkuskan,b
bungkuuussss,bungkus,b
bungkuuuuuuuuusss,bungkus,b
burem,buram,b
buruann,buruan,b
buruannn,buruan,b
busedh,buset,b
buseett,buset,b
buuun,bun,b
"bwa""",bawa-bawa,b
byak,banyak,b
byangin,membayangkan,b
byaran,bayaran,b
bz,bisa,b
c,sih,c
caaannnttiikkk,cantik,c
caantiiik,cantik,c
cabe2,cabe-cabe,c
cabe2an,cabe-cabean,c
cabol,cabul,c
cadasss,cadas,c
cakeeeeppp,cakep,c
cakeep,cakep,c
cakepp,cakep,c
cali,caci,c
campurin,mencampuri,c
canci,cantik,c
cannnnntikkkkkkk,cantik,c
cannntikk,cantik,c
cans,cantik,c
canteek,cantik,c
canti,cantik,c
cantiiiiiiik,cantik,c
cantiiiik,cantik,c
cantiiiikk,cantik,c
cantiiik,cantik,c
cantiiikk,cantik,c
cantiiikkk,cantik,c
cantiiillx,cantik,c
cantiik,cantik,c
cantiik2,cantik-cantik,c
cantiikk,cantik,c
cantiikkkk,cantik,c
cantik2,cantik-cantik,c
cantik2nya,cantik-cantiknya,c
cantika,cantik,c
cantikk,cantik,c
cantikkk,cantik,c
cantikkkk,cantik,c
cantikkkkk,cantik,c
cantikkkkkk,cantik,c
cantikkkkkkkk,cantik,c
cantikkkm,cantik,c
cantiknnnnyaaaaaaa,cantiknya,c
cantiknyaa,cantiknya,c
cantiknyaaa,cantiknya,c
cantiknyaaaaa,cantiknya,c
cantiks,cantik,c
cantikx,cantiknya,c
cantinya,cantiknya,c
cantip,cantik,c
cantiq,cantik,c
cantiqs,cantik,c
cantix,cantik,c
cantk,cantik,c
canttikkk,cantik,c
canttttikkk,cantik,c
canyk,cantik,c
capa,sapa,c
capee,cape,c
caranga,caranya,c
cari2,cari-cari,c
cariin,carikan,c
catiiiiik,cantik,c
catokin,catok,c
caya,percaya,c
cba,coba,c
ccok,cocok,c
cd,celana dalam,c
ceemen,cemen,c
cek2,cek-cek,c
ceklist,ceklis,c
cem,macam,c
cemburuu,cemburu,c
cempreeng,cempreng,c
centillll,centil,c
centilnyaaaaaa,centilnya,c
cepet2,cepat-cepat,c
cepetan,cepatan,c
cerdass,cerdas,c
cerdiik,cerdik,c
ceritax,ceritanya,c
cewer,jewer,c
chelalyyu,selalu,c
choker2,choker-choker,c
ciapa,siapa,c
ciee,cie,c
cieee,cie,c
cieeee,cie,c
cieeeee,cie,c
ciieeeeeee,cie,c
ciiieee,cie,c
cinggirnyaaaa,cinggirnya,c
cini,sini,c
cino,cina,c
cintaaaaaaa,cinta,c
cintax,cintanya,c
ciptain,menciptakan,c
cita2,cita-cita,c
ciumman,ciuman,c
ciusss,serius,c
ciuuuummmm,cium,c
ciyeeee,cie,c
ciyeeeeeee,cie,c
ciyusss,serius,c
ckrng,sekarang,c
ckup,cukup,c
cm,cuma,c
cma,cuma,c
cman,cuman,c
cmkn,camkan,c
cmn,cuman,c
cntiiikkk,cantik,c
cntik,cantik,c
cntikan,cantikan,c
cntikk,cantik,c
cntiknya,cantiknya,c
cntk,cantik,c
co,cowok,c
cobaa,coba,c
cobaaa,coba,c
cobaaaa,coba,c
cobain,mencoba,c
cobak,coba,c
coccokk,cocok,c
cock,cocok,c
cocokk,cocok,c
cocokkk,cocok,c
cocokkkk,cocok,c
cocokkkkk,cocok,c
cocokny,cocoknya,c
cocokx,cocoknya,c
cocook,cocok,c
cocookk,cocok,c
coeggg,coeg,c
cogan,cowok ganteng,c
comen,komen,c
comen2nya,komen-komennya,c
coment,komentar,c
comment2nya,komentar-komentarnya,c
comnet,komen,c
comntr,komentar,c
cooocok,cocok,c
cooooooocok,cocok,c
"coret""",coret-coret,c
cowo,cowok,c
coxok,cocok,c
coyyy,coy,c
cpet,cepat,c
cpit,sipit,c
cpt,cepat,c
cr,cara,c
cri,cari,c
critamu,ceritamu,c
cuaaantikk,cantik,c
cuaantik,cantik,c
cuantek,cantik,c
cuanti,cantik,c
cuantik,cantik,c
cuantikkk,cantik,c
cubanget,lucu banget,c
cuchook,cocok,c
cuco,cocok,c
cucokkk,cocok,c
cukurrr,cukur,c
cumn,cuman,c
cums,cuma,c
curhat2,curhat-curhat,c
cuyy,cuy,c
cuyyy,cuy,c
cw,cewek,c
cwe,cewek,c
cwnya,ceweknya,c
cwo,cowok,c
cwok,cowok,c
cyiiin,cinta,c
d.apa,diapa,d
d.bikinin,dibikin,d
da,dah,d
daaaah,deh,d
daaah,dah,d
daah,dah,d
dahh,dah,d
dahhhh,dah,d
dak,indak,d
dalem2,dalam-dalam,d
dalil2,dalil-dalil,d
dallam,dalam,d
dapetin,mendapati,d
darpada,daripada,d
dasaar,dasar,d
dasarrr,dasar,d
dasyat,dahsyat,d
dateng,datang,d
dblkang,dibelakang,d
dblkng,dibelakang,d
dbnding,dibanding,d
dbuat,dibuat,d
dbwh,dibawah,d
dcintai,dicintai,d
ddlm,di dalam,d
ddpat,didapat,d
ddpt,didapat,d
debay,adek bayi,d
dech,deh,d
dede,adek,d
dedek,adek,d
dedeknya,adeknya,d
dee,dek,d
deeek,dek,d
deeh,deh,d
deg2an,deg-degan,d
dehat,sehat,d
dehh,deh,d
dehhh,deh,d
dehhhh,deh,d
deket,dekat,d
deketin,dekati,d
dekk,dek,d
dekkk,dek,d
dekt,dekat,d
dempga,semoga,d
dengarin,mendengarkan,d
dengeeriin,dengarkan,d
denger,dengar,d
dengerin,dengarkan,d
deuhh,duh,d
dewassa,dewasa,d
dg,dengan,d
dgr,dengar,d
dh,dah,d
dhe,deh,d
dhi,di,d
dhpusin,dihapuskan,d
diaa,dia,d
diaaa,dia,d
diajarin,diajari,d
diakibtkn,diakibatkan,d
"diam""",diam-diam,d
diamkn,diamkan,d
dianter,diantar,d
dianterin,diantar,d
diapa2in,diapa-apai,d
diapain,diapakan,d
dibangga'in,dibangga-banggakan,d
dibanggain,dibanggakan,d
dibiarin,dibiarkan,d
dibikin2,dibikin-bikin,d
dibkatakan,dikatakan,d
dibls,dibalas,d
dibnggain,dibanggakan,d
didapet,didapat,d
didatengin,didatangi,d
didengerin,didengarkan,d
dieee,dia,d
diem,diam,d
diemin,diamkan,d
diemm,diam,d
difotoin,difoto,d
digabtikan,digantikan,d
digambarin,digambarkan,d
diginiin,dibeginikan,d
diginikan,dibeginikan,d
digituin,dibegitukan,d
dihargain,dihargai,d
dihh,dih,d
dihpus,dihapus,d
dii,di,d
diihhhh,dih,d
diindonesis,diindonesia,d
diingetin,diingatkan,d
dijadiin,dijadikan,d
dijelekin,dijelekkan,d
dijkt,dijakarta,d
dijwb,dijawab,d
dikata2in,dikata-katai,d
dikatain,dikatai,d
dikemanain,dikemanakan,d
dikerasin,dikerasi,d
diksi,dikasih,d
diladenin,diladeni,d
dilepas2,dilepas-lepas,d
diliat,dilihat,d
diliatnya,dilihatnya,d
dilindungin,dilindungi,d
diluangin,diluangkan,d
diluarann,diluaran,d
"dimana""",dimana-mana,d
dimao,dimau,d
dimarahin,dimarahi,d
dimasukin,dimasuki,d
dimusiumin,dimuseumkan,d
dinamakn,dinamakan,d
"dingin""",dingin-dingin,d
dinyanyiin,dinyanyikan,d
dipake,dipakai,d
dipermainin,dipermainkan,d
dipikirin,dipikirkan,d
dipojokin,dipojokkan,d
dipuja2,dipuja-puja,d
diputusin,diputuskan,d
dirimuuu,dirimu,d
dirmh,dirumah,d
dirumahny,dirumahnya,d
disiniii,disini,d
disni,disini,d
disupirin,disopiri,d
ditayangin,ditayangkan,d
ditengah2,ditengah-tengah,d
ditutupin,ditutupi,d
dituutup,ditutup,d
diurusin,diurusi,d
dket2in,dekat-dekati,d
dkuburnya,dikuburnya,d
dl,dulu,d
dlam,dalam,d
dlm,dalam,d
dluar,diluar,d
dmana,dimana,d
dmn,dimana,d
dmna,dimana,d
dn,dan,d
dng,dengan,d
dngan,dengan,d
dngerin,mendengarkan,d
dnk,dong,d
do,di,d
doa2,doa-doa,d
doaang,doang,d
doangam,doang,d
doank,doang,d
doeloe,dulu,d
dongg,dong,d
donggg,dong,d
dongggg,dong,d
donk,dong,d
donkk,dong,d
donks,dong,d
donx,dong,d
doong,dong,d
doonk,dong,d
dooong,dong,d
dosa2mu,dosa-dosamu,d
dosaa,dosa,d
dosaaaaaaaaaa,dosa,d
dosax,dosanya,d
dpke,dipakai,d
dpn,depan,d
dposisi,diposisi,d
dpotong,dipotong,d
dptkan,dapatkan,d
dptnya,dapatnya,d
dr,dari,d
dramaa,drama,d
drii,dari,d
drimana,darimana,d
drimnanya,darimananya,d
dripada,daripada,d
dripda,daripada,d
drpada,daripada,d
drpd,daripada,d
dsana,disana,d
dsar,dasar,d
dsini,disini,d
dsna,disana,d
dsni,disini,d
dsr,dasar,d
dsrny,dasarnya,d
dssi,disisi,d
dstu,disitu,d
dteng,datang,d
dtggu,ditunggu,d
dtgkan,datangkan,d
dtinggl,ditinggal,d
dtnggu,ditunggu,d
dtunggu,ditunggu,d
dua2nya,dua-duanya,d
duanyaa,duanya,d
duetin,duet,d
duhh,duh,d
duhhh,duh,d
duhhhhh,duh,d
dulurrr,dulur,d
duluu,dulu,d
duluuu,dulu,d
dumsss,dong,d
dung,dong,d
dunk,dong,d
dureen,duren,d
durhaka2,durhaka-durhaka,d
duuhh,duh,d
duuhhh,duh,d
duuhhhhh,duh,d
duuuhh,duh,d
duuuhhh,duh,d
dwh,deh,d
dwsa,dewasa,d
dy,dia,d
dya,dia,d
ea,ya,e
eakyu,waktu,e
edaaaan,edan,e
edaaan,edan,e
edaaann,edan,e
edannn,edan,e
editannn,editan,e
eeeeh,eh,e
eeeehhhh,eh,e
eehhh,eh,e
eey,eh,e
ehh,eh,e
ehhh,eh,e
eksprsi,ekspresi,e
elaaaahhhh,alah,e
elahh,alah,e
elo,lo,e
elo2,lo-lo,e
eloo,lo,e
elus2,elus-elus,e
ema,emak,e
emak2,emak-emak,e
emakx,emaknya,e
emang,memang,e
emank,memang,e
emeessss,gemas,e
emeezzz,gemas,e
emeshh,gemas,e
emesshhh,gemas,e
emessss,gemas,e
emg,memang,e
emk,emak,e
emngnya,memangnya,e
emnknya,memangnya,e
enakkkkk,enak,e
engga,enggak,e
"engga""",enggak-enggak,e
engk,enggak,e
enk,enak,e
entahhh,entah,e
entr,entar,e
epe,apa,e
euyyyyy,euy,e
expresi,ekspresi,e
eyke,aku,e
fakta2,fakta-fakta,f
fakultass,fakultas,f
fans,fan,f
fans2,fan-fan,f
fatanik,fanatik,f
fav,favorit,f
favoriteeee,favorit,f
fhoto,foto,f
fhotonya,fotonya,f
fi,di,f
fikiran,pikiran,f
fillm,film,f
filmny,filmnya,f
flim.a,filmnya,f
flm,film,f
fotbar,foto bareng,f
"foto""",foto-foto,f
foto2,foto-foto,f
foto2nya,foto-fotonya,f
fotoin,memfoto,f
fotony,fotonya,f
frestasiii,prestasi,f
fto,foto,f
fto2,foto-foto,f
g,enggak,g
ga,enggak,g
gaa,enggak,g
gabakal,enggak bakal,g
gabisa,enggak bisa,g
gada,enggak ada,g
gadiss,gadis,g
gagahx,gagahnya,g
gaharus,enggak harus,g
gajelas,enggak jelas,g
gak,enggak,g
gakk,enggak,g
gakkk,enggak,g
gakpapa,enggak apa-apa,g
gakuat,enggak kuat,g
gakusah,enggak usah,g
gakwad,enggak kuat,g
gamau,enggak mau,g
gambarin,gambarkan,g
gangguin,mengganggu,g
gans,ganteng,g
ganteeeeng,ganteng,g
ganteng2,ganteng-ganteng,g
gantengg,ganteng,g
gantenggg,ganteng,g
gantengkuuuuuu,gantengku,g
gantengnyaaaa,gantengnya,g
ganteung,ganteng,g
gantheng,ganteng,g
ganti'kn,menggantikan,g
gantiin,menggantikan,g
gantng,ganteng,g
gantweng,ganteng,g
gapake,enggak pakai,g
gapap,enggak apa-apa,g
gapernah,enggak pernah,g
gaprgi,enggak pergi,g
gapunya,enggak punya,g
"gara""",gara-gara,g
gara'',gara-gara,g
gara2,gara-gara,g
garemin,garami,g
garuk2,garuk-garuk,g
gasalah,enggak salah,g
gasih,enggak sih,g
gatau,enggak tau,g
gataunya,enggak taunya,g
gausa,enggak usah,g
gausah,enggak usah,g
gawl,gaul,g
gawul,gaul,g
gayannxa,gayanya,g
gayany,gayanya,g
gayax,gayanya,g
gda,enggak ada,g
gde,gede,g
gebleg,geblek,g
gedeg,gedek,g
geeelaakk,gila,g
geetoo,begitu,g
gegra,gegara,g
geh,gih,g
gehh,gih,g
gemay,gemas,g
gemeeezzzz,gemas,g
gemeessss,gemas,g
gemes,gemas,g
gemesiin,menggemaskan,g
gemesin,menggemaskan,g
gemesinnnnn,menggemaskan,g
gemesnya,gemasnya,g
gemess,gemas,g
gemesshh,gemas,g
gemesshzzzzhzzhzhzhsjssjs,gemas,g
gemesss,gemas,g
gemesyak,gemas ya,g
gemez,gemas,g
gemezz,gemas,g
gemezzzz,gemas,g
gemmeeezzz,gemas,g
genduut,gendut,g
geneeee,begini,g
genggg,geng,g
genittt,genit,g
geuliiiiiiis,geulis,g
gewlaaaaa,gila,g
gg,enggak,g
gga,enggak,g
giitu,begitu,g
gilaa,gila,g
gilaaa,gila,g
gilaaaa,gila,g
gilaaaaaa,gila,g
gilak,gila,g
gilakkk,gila,g
gilakkkkk,gila,g
gilakkkkkk,gila,g
gils,gila,g
gilsss,gila,g
gilzz,gila,g
gimanaa,bagaimana,g
gimanaaaa,bagaimana,g
gimn,bagaimana,g
gimna,bagaimana,g
gingsungny,gingsulnya,g
gini,begini,g
ginian,beginian,g
ginii,begini,g
giniii,begini,g
giniin,beginikan,g
ginting,ganteng,g
giti,begitu,g
gitu,begitu,g
gitu2,begitu-gitu,g
gituan,begituan,g
gituh,begitu,g
gituin,begitukan,g
gitulah,begitulah,g
gituu,begitu,g
gituuu,begitu,g
gituuuuu,begitu,g
gk,enggak,g
gkhianati,mengkhianati,g
gkk,enggak,g
gkkan,enggak akan,g
gksalah,enggak salah,g
gksi,enggak sih,g
glembeeeer,gelambir,g
gmanapun,bagaimanapun,g
gmau,enggak mau,g
gmn,bagaimana,g
gmna,bagaimana,g
gmpg,gampang,g
gndakan,gandakan,g
gni,begini,g
gnii,begini,g
gnti,ganti,g
gnyngka,enggak menyangka,g
goblokkk,goblok,g
gokiiill,gila,g
gokill,gila,g
gokilll,gila,g
gokillllll,gila,g
gokilnya,gilanya,g
goncengin,boncengkan,g
gosipin,menggosipkan,g
gossip2.an,gosip-gosipan,g
gr2,gara-gara,g
gra2,gara-gara,g
graaatiiiis,gratis,g
gratiss,gratis,g
gratisss,gratis,g
greged,greget,g
grgr,gara-gara,g
grunya,gurunya,g
gthu,begitu,g
gtu,begitu,g
"gtu""",begitu-gitu,g
"gtu""an",begitu-gituan,g
gtu2,begitu-gitu,g
gtuh,begitu,g
gtuu,begitu,g
guaa,gua,g
guaaaaaaa,gua,g
guanteng,ganteng,g
guee,gue,g
gueee,gue,g
gueeeee,gue,g
gunaa,guna,g
guw,gue,g
gx,enggak,g
gya,gaya,g
hadapin,menghadapi,h
haddeh,aduh,h
hadeeehhh,aduh,h
hadeehh,aduh,h
hadeeuh,aduh,h
hadeuh,aduh,h
hadeuuh,aduh,h
hadeuuhhhh,aduh,h
hadirr,hadir,h
hadirrr,hadir,h
haduh,aduh,h
haduuuh,aduh,h
haii,hai,h
haiii,hai,h
hal2,hal-hal,h
halahh,alah,h
halangin,halangi,h
halllo,halo,h
hallo,halo,h
hallooo,halo,h
halooo,halo,h
halow,halo,h
hampasss,hempas,h
hancurin,menghancurkan,h
hancuuuuuy,hancur,h
"happi""",hepi-hepi,h
hapusin,hapuskan,h
haragain,menghargai,h
hargs,harga,h
hari2,hari-hari,h
haru,harus,h
hasilnyaaa,hasilnya,h
haslnya,hasilnya,h
hat,hati,h
"hati""",hati-hati,h
hati.a,hatinya,h
hati2,hati-hati,h
hatii,hati,h
hatiiii,hati,h
hay,hai,h
hayal,khayal,h
hayalanku,khayalanku,h
hayooo,hayo,h
hayukk,hayo,h
hayuu,hayo,h
hbis,habis,h
hbs,habis,h
hdk,hendak,h
hdp,hidup,h
hdpn,hadapan,h
hdpnya,hidupnya,h
hdup,hidup,h
hebaat,hebat,h
hebatt,hebat,h
hedeuuhh,aduh,h
heeee,hai,h
hehh,eh,h
heii,hai,h
helloo,halo,h
hellooooooo,halo,h
helooooo,halo,h
hematt,hemat,h
hempaass,hempas,h
hgga,hingga,h
hianatin,khianati,h
hidiyah,hidayah,h
hiduppp,hidup,h
hidupppp,hidup,h
hidupx,hidupnya,h
hiduupppp,hidup,h
hiii,hai,h
hijaabbb,hijab,h
hijabb,hijab,h
hijap,hijab,h
hilangin,menghilangkan,h
hilangv,hilang,h
himana,bagaimana,h
hiraukn,hiraukan,h
hiri,hari,h
hmpir,hampir,h
hndak,hendak,h
hndk,hendak,h
hngga,hingga,h
hokiii,hoki,h
hotak,botak,h
hotx,hotnya,h
hpus,hapus,h
hri,hari,h
hrsny,harusny,h
hrsnya,harusnya,h
hrusnya,harusnya,h
hslnya,hasilnya,h
ht,hati,h
hub,hubungi,h
hubngan,hubungan,h
hubunggi,hubungi,h
hujatann,hujatan,h
hy,hai,h
iaa,iya,i
ibliss,iblis,i
ibu2,ibu-ibu,i
ibuk2,ibu-ibu,i
idamann,idaman,i
idolaa,idola,i
idoolaaa,idola,i
idung,hidung,i
idungnya,hidungnya,i
idup,hidup,i
idupnya,hidupnya,i
igtlah,ingatlah,i
ihh,ih,i
ihhh,ih,i
ihhhh,ih,i
ihhhhh,ih,i
iih,ih,i
iihh,ih,i
iiih,ih,i
iiihh,ih,i
iiihhhh,ih,i
iiihhhhh,ih,i
iiii,ih,i
iiiihhhhhj,ih,i
iiiiiiiii,ih,i
iiiiiiiiii,ih,i
ijap,ijab,i
ikh,ih,i
ikut2,ikut-ikut,i
ikut2an,ikut-ikutan,i
ikutin,mengikuti,i
"ilang""",hilang-hilang,i
ilang-in,hilangkan,i
ilang2,hilang-hilang,i
ilang2an,hilang-hilangan,i
ilmh,ilmu,i
imut2,imut-imut,i
imutt,imut,i
imutttttt,imut,i
imuttzz,imut,i
imuutt,imut,i
imuuttt,imut,i
in,ini,i
indahhh,indah,i
indefendet,independen,i
indo,indonesia,i
indoneaia,indonesia,i
indonesiaaa,indonesia,i
indonesiaah,indonesia,i
infpyunnnn,ampun,i
ingeet,ingat,i
inget,ingat,i
ingetin,mengingatkan,i
inggat,ingat,i
inggrisny,inggrisnya,i
inghinn,ingin,i
ingi,ingin,i
inginkn,inginkan,i
ingt,ingat,i
inia,ini,i
iniehh,ini,i
inih,ini,i
inihhh,ini,i
inii,ini,i
iniii,ini,i
iniiiii,ini,i
iniiiiiiiiiiiiiii,ini,i
iniw,ini,i
inni,ini,i
insonniaaa,insomnia,i
iooo,lo,i
iriiiii,iri,i
iseng2,iseng-iseng,i
istimewaaa,istimewa,i
istiqamah,istikamah,i
istiqomah,istikamah,i
istiqomahhh,istikamah,i
it,itu,i
ithu,itu,i
ituh,itu,i
itumahh,itumah,i
ituu,itu,i
ituuu,itu,i
ituuuu,itu,i
ityl,itil,i
iu,itu,i
iy,iya,i
iyaa,iya,i
iyaaa,iya,i
iyaaaa,iya,i
iyaap,iya,i
iyaappps,iya,i
iyah,iya,i
iyak,iya,i
iyap,iya,i
iyh,iya,i
iyha,iya,i
iyuh,ih,i
iyuuhhh,ih,i
iyuuuhhhh,ih,i
j,saja,j
jaaangan,jangan,j
jaadii,jadi,j
jadii,jadi,j
jadilh,jadilah,j
jadu,jadi,j
jadulnya,jaman dulunya,j
jagain,menjaga,j
jahatin,menjahati,j
jakety,jaketnya,j
"jalan""nya",jalan-jalannya,j
jalan2,jalan-jalan,j
jalanani,menjalani,j
jalanin,menjalani,j
jamam,jaman,j
jaman2,jaman-jaman,j
jaman2nya,jaman-jamannya,j
jan,jangan,j
"jangan""",jangan-jangan,j
jangan2,jangan-jangan,j
janjutin,lanjutkan,j
janka,jangka,j
jaoooh,jauh,j
jari2,jari-jari,j
jatoh,jatuh,j
jatuhnyaa,jatuhnya,j
jauhh,jauh,j
jauhhh,jauh,j
jauhin,jauhi,j
jauuhhh,jauh,j
jawabanny,jawabannya,j
jd'y,jadinya,j
jdii,jadi,j
jdulnya,judulnya,j
jdwl,jadwal,j
"jelas""",jelas-jelas,j
jelas2,jelas-jelas,j
jelase,jelas,j
jelashh,jelas,j
jelasssss,jelas,j
"jelek""in",menjelek-jelekkan,j
jelek2,jelek-jelek,j
jelekin,menjelekkan,j
jelex,jelek,j
jels,jelas,j
jendes,janda,j
jendess,janda,j
jendesss,janda,j
jendral,jenderal,j
jeniuss,jenius,j
jerewi,jerawat,j
jgan,jangan,j
jgk,juga,j
jgn2,jangan-jangan,j
jh,saja,j
jidad,jidat,j
jilbabny,jilbabnya,j
jilbabnyaah,jilbabnya,j
jilbabnye,jilbabnya,j
jilbb,jilbab,j
jing,anjing,j
jirr,anjir,j
jirrrr,anjir,j
jjur,jujur,j
jk,jika,j
jkrta,jakarta,j
jlbb,jilbab,j
jlek,jelek,j
jln2,jalan-jalan,j
jls2,jelas-jelas,j
jmnya,jamnya,j
jmpaaaa,jumpa,j
jnagn,jangan,j
jnda,janda,j
jng,jangan,j
jngan,jangan,j
jngn,jangan,j
jngnn,jangan,j
jodohny,jodohnya,j
jodohx,jodohnya,j
jogetin,berjoget,j
jombsss,jomblo,j
jorokkkk,jorok,j
jorookknya,joroknya,j
jrang,jarang,j
jrnk,jarang,j
jt,juta,j
judulnyaa,judulnya,j
jugaa,juga,j
jugaaa,juga,j
jugaakk,juga,j
jugak,juga,j
jungkiir,jungkir,j
justeru,justru,j
jwab,jawab,j
jwban,jawaban,j
k',kak,k
kaa,kak,k
kaaa,kak,k
kaaaa,kak,k
kaaaaa,kak,k
kaaaaaaaaaakkkkkkkkkkk,kak,k
kaaaaaann,kan,k
kaaakk,kak,k
kaaan,kan,k
kaak,kak,k
kaakaaaa,kakak,k
kaakk,kak,k
kaan,kan,k
kaannnn,kan,k
kaasian,kasihan,k
kacauuuu,kacau,k
kaciiaann,kasihan,k
kafeh,kafe,k
kageeet,kaget,k
kageet,kaget,k
kaitannha,kaitannya,k
kaj,kak,k
kakakaaaaaaaaaaaaaa,kakak,k
kakakgh,kakak,k
kakakkk,kakak,k
kakakny,kakaknya,k
kakakuuu,kakakku,k
kakanga,kakaknya,k
kakanya,kakaknya,k
kakau,kalau,k
kakk,kak,k
kakkk,kak,k
kakkkk,kak,k
kakkkkk,kak,k
kalahnye,kalahnya,k
kale,kali,k
kaleee,kali,k
kaliaan,kalian,k
kaliann,kalian,k
kaliannn,kalian,k
kaliannnnnm,kalian,k
kaliannnnnn,kalian,k
kaliannnnnnn,kalian,k
kalii,kali,k
kaliii,kali,k
kaliiii,kali,k
kaliiiiiii,kali,k
kaliiin,kalian,k
kalik,kali,k
kalli,kali,k
kallo,kalo,k
kalogak,kalo enggak,k
kalok,kalo,k
kaloo,kalo,k
kalu,kalau,k
kalw,kalau,k
kam,kamu,k
kamiiii,kami,k
kamo,kamu,k
kampungn,kampungan,k
kamu2,kamu-kamu,k
kamunyaa,kamunya,k
kamuu,kamu,k
kamuuuu,kamu,k
kamyuhhh,kamu,k
kana,kanan,k
kanapa,kenapa,k
kancang,kencang,k
kangeeeeeeeeeeennnnn,kangen,k
kangeeeeeeeeennnnnnnn,kangen,k
kangeeeeeeeenya,kangen,k
kangeeeeennn,kangen,k
kangeeeennn,kangen,k
kangeeeennnnn,kangen,k
kangeeerrn,kangen,k
kangeen,kangen,k
kangeenn,kangen,k
kangem,kangen,k
kangenn,kangen,k
kangennn,kangen,k
kangennnn,kangen,k
kangennnnn,kangen,k
kangennnnnmnnnnnnnnnnnnnnnnn,kangen,k
kangennnnnn,kangen,k
kangennnnnnn,kangen,k
kangennnnnnnnnnnnnnnn,kangen,k
kanggen,kangen,k
kanggggg,kang,k
kann,kan,k
kannn,kan,k
kapaan,kapan,k
kapan2,kapan-kapan,k
kapn,kapan,k
kareno,karena,k
karir.a,karirnya,k
karmaaa,karma,k
kartunin,kartun,k
"karya""",karya-karya,k
karya2,karya-karya,k
kasar2,kasar-kasar,k
kasi,kasih,k
kasiaannn,kasihan,k
kasian,kasihan,k
kasiannn,kasihan,k
kasiatnya,khasiatnya,k
kasihn,kasihan,k
kasiian,kasihan,k
"kata""",kata-kata,k
kata2,kata-kata,k
kata2nya,kata-katanya,k
kata2nyaaa,kata-katanya,k
katanyaa,katanya,k
kate,kata,k
kauuuu,kau,k
kawinin,mengawini,k
kaya,kayak,k
kaya'a,kayanya,k
kayaa,kaya,k
kayahhh,kaya,k
kayakk,kayak,k
kayanye,kayanya,k
kayaq,kayak,k
kayax,kayak,k
kbahagiaan,kebahagiaan,k
kbawa,terbawa,k
kberkahn,keberkahan,k
kbetulan,kebetulan,k
kbiasaan,kebiasaan,k
kcantikan,kecantikan,k
kcewa,kecewa,k
kcil,kecil,k
kcwa,kecewa,k
kdang,kadang,k
kdg,kadang,k
kdg2,kadang-kadang,k
kdng,kadang,k
kdua,kedua,k
keak,kayak,k
kebagi,terbagi,k
"kebaikan""y",kebaikannya,k
kebalas,terbalas,k
kebangetak,kebangetan,k
kebanggan,kebanggaan,k
kebarat2an,kebarat-baratan,k
kebawa,terbawa,k
kebayang,terbayang,k
kebayanyaa,kebayanya,k
keberpa,keberapa,k
kebnyak'an,kebanyakan,k
kebongkar,terbongkar,k
kebukaaa,terbuka,k
kebukti,terbukti,k
kebykan,kebanyakan,k
kecantikanga,kecantikannya,k
kece2,kece-kece,k
keceee,kece,k
keche,kece,k
keciil,kecil,k
keciill,kecil,k
kecik,kecil,k
"kecil""",kecil-kecil,k
kecptan,kecepatan,k
kecr,kece,k
kedengeran,kedengaran,k
kedokk,kedok,k
kedpan,kedepan,k
keduaa,kedua,k
keedaannya,keadaannya,k
keee,ke,k
keeeeeren,keren,k
keeeerrrreeeennnnnnnnn,keren,k
keinget,teringat,k
kejadianny,kejadiannya,k
kejahatn,kejahatan,k
kejawab,terjawab,k
kejuu,keju,k
kekgini,kayak begini,k
kekk,kayak,k
kekuranganny,kekurangannya,k
kelahuran,kelahiran,k
kelaluan,kelakuan,k
kelas'a,kelasnya,k
keles,kali,k
keliatannya,kelihatannya,k
kellen,kalian,k
keluarin,keluarkan,k
kelus,kali,k
kemakan,termakan,k
kemariin,kemarin,k
kemarn,kemarin,k
kembaq,kembar,k
kemn,kemana,k
kemuh,kamu,k
kenaliiin,kenalkan,k
kenalin,mengenalkan,k
kenapaa,kenapa,k
kenape,kenapa,k
kenceng,kencang,k
kencng,kencang,k
kencqng,kencang,k
kenyataan2,kenyataan-kenyataan,k
kepad,kepada,k
kepd,kepada,k
kepda,kepada,k
kepeleset,kepleset,k
kepelesett,terpeleset,k
kepikir,terpikir,k
kepoh,kepo,k
kepoin,mengepoi,k
kepppoin,kepoi,k
keputihn,keputihan,k
keq,kek,k
kerasin,kerasi,k
kerass,keras,k
kereeeeen,keren,k
kereeeeennn,keren,k
kereeeeennnn,keren,k
kereeeen,keren,k
kereeen,keren,k
kereeennnn,keren,k
kereen,keren,k
kereenn,keren,k
kereennn,keren,k
"keren""",keren-keren,k
keren2,keren-keren,k
kerenn,keren,k
kerennn,keren,k
kerennnn,keren,k
kerennnnn,keren,k
kerjaan,pekerjaan,k
kerreeen,keren,k
kerrennn,keren,k
kerrrrennnn,keren,k
kesalahanny,kesalahannya,k
kesampean,kesampaian,k
kesinii,kesini,k
kesiniii,kesini,k
ketaatanny,ketaatannya,k
ketara,tertara,k
ketarik,tertarik,k
ketawaa,ketawa,k
ketawain,mentertawakan,k
ketawakkkk,ketawa,k
ketemuuu,ketemu,k
ketipu,tertipu,k
ketuker,tertukar,k
kgak,kagak,k
kgeeeen,kangen,k
kgn,kangen,k
kh,kah,k
kha,kah,k
khadiran,kehadiran,k
khadirannya,kehadirannya,k
kharismanya,karismanya,k
khdpn,kehidupan,k
khidupan,kehidupan,k
kira2,kira-kira,k
kirain,mengira,k
kiriii,kiri,k
kirimin,mengirimi,k
kitaa,kita,k
kitaaa,kita,k
kite,kita,k
kiya,kita,k
kka,kakak,k
kkak,kakak,k
kki,kaki,k
kklau,kalau,k
klahiran,kelahiran,k
klakuan,kelakuan,k
klas,kelas,k
klau,kalau,k
klauu,kalau,k
klen,kalian,k
klepek2,klepek-klepek,k
klg,keluarga,k
klhran,kelahiran,k
kli,kali,k
kliatan,kelihatan,k
kliatanya,kelihatannya,k
klihatan,kelihatan,k
klk,kelak,k
klkuan,kelakuan,k
kll,kalo,k
klmbutan,kelembutan,k
kln,kalian,k
klok,kalo,k
kloop,klop,k
klow,kalau,k
klrga,keluarga,k
klu,kalau,k
kluar,keluar,k
kmana,kemana,k
kmana2,kemana-mana,k
kmar,kamar,k
kmaren,kemarin,k
kmariiin,kemarin,k
kmarin,kemarin,k
kmauan,kemauan,k
kmbali,kembali,k
kmbang,kembang,k
kmbl,kembali,k
kmewahan,kemewahan,k
kmi,kami,k
kmn,kemana,k
kmren,kemarin,k
kmrin,kemarin,k
kmu,kamu,k
knan,kanan,k
kndung,kandung,k
kngen,kangen,k
kngenn,kangen,k
kngn,kangen,k
knlan,kenalan,k
knpp,kenapa,k
knsul,konsultasi,k
knyataan,kenyataan,k
ko,kok,k
kobul,kabul,k
kocaaaak,kocak,k
kocaaaakkk,kocak,k
kocakkk,kocak,k
kocakkkkkk,kocak,k
kocakkkkkkkkkkkkkk,kocak,k
koclak,kocak,k
kokkk,kok,k
kokohh,engkoh,k
komen2,komen-komen,k
komen2an,komen-komenan,k
komenan,komentar,k
komenannya,komentarnya,k
koment,komentar,k
komentar2,komentar-komentar,k
komentarin,mengomentari,k
komentnya,komentarnya,k
komenx,komennya,k
komntr,komentar,k
komuk,muka,k
komunitas2,komunitas-komunitas,k
konsekwensi,konsekuensi,k
konsul,konsultasi,k
kontak2,kontak-kontak,k
konten2,konten-konten,k
koplak,kocak,k
koplakkk,koplak,k
korek2,korek-korek,k
kostom,kostum,k
kox,kok,k
kpada,kepada,k
kpan,kapan,k
kpancing,terpancing,k
kpleset,kepleset,k
kpn2,kapan-kapan,k
kpnpun,kapanpun,k
kpuasan,kepuasan,k
kq,kok,k
kqmu,kamu,k
kr,kira,k
kra,kira,k
kraya,karya,k
kreative,kreatif,k
kreean,keren,k
kreeenn,keren,k
kreen,keren,k
kren,keren,k
krena,karena,k
krenn,keren,k
kri,kiri,k
kriput,keriput,k
krjaan,pekerjaan,k
krmh,ke rumah,k
krna,karena,k
krng,kurang,k
krpoooo,kepo,k
krudung,kerudung,k
krudungan,kerudungan,k
krus,kurus,k
krya,karya,k
ksenangan,kesenangan,k
ksh,kasih,k
ksih,kasih,k
ksini,kesini,k
ksitu,kesitu,k
kslahan,kesalahan,k
kslhn,kesalahan,k
ksni,kesini,k
ksukaanmuuu,kesukaanmu,k
ksyngn,kesayangan,k
kt2,kata-kata,k
kta,kita,k
ktaa,kita,k
ktaatan,ketaatan,k
ktanya,katanya,k
ktawa,ketawa,k
ktemu,ketemu,k
ktergantungan,ketergantungan,k
ktg,kita,k
ktika,ketika,k
ktnya,katanya,k
ktwa,ketawa,k
kuaaatt,kuat,k
kuatttt,kuat,k
kubarikan,kuberikan,k
kucing'y,kucingnya,k
kueren2,keren-keren,k
kuliyh,kuliah,k
kuninggg,kuning,k
kuningggg,kuning,k
kunjungin,kunjungi,k
kura2,kura-kura,k
kurangin,kurangi,k
kureeeen,keren,k
kusem,kusam,k
kususnya,khususnya,k
kutuu,kutu,k
kuu,ku,k
kuy,yuk,k
kuyy,yuk,k
kuyyy,yuk,k
kwatir,kawatir,k
kx,kak,k
kya,kaya,k
kyak,kayak,k
kyaknya,kayaknya,k
kyanya,kayanya,k
kyax,kayak,k
kyk.a,kayaknya,k
kyknya,kayaknya,k
kyy,kaya,k
laa,lah,l
laaaah,lah,l
ladenin,meladeni,l
laen,lain,l
laenny,lainnya,l
lafazd,lafaz,l
lagihh,lagi,l
lagii,lagi,l
lagiii,lagi,l
lagiiii,lagi,l
laginy,laginya,l
lagu'y,lagunya,l
lagu2,lagu-lagu,l
lagu2nya,lagu-lagunya,l
lahh,lah,l
lahhh,lah,l
lahhhhhh,lah,l
lahirr,lahir,l
lainnn,lain,l
lainnyaa,lainnya,l
lairannya,kelahirannya,l
"laki""",laki-laki,l
laki2,laki-laki,l
lakik,laki,l
"laku""",laku-laku,l
lakuin,melakukan,l
lama2,lama-lama,l
lancr,lancar,l
langgengggg,langgeng,l
langgenh,langgeng,l
lanjutin,lanjutkan,l
lanjutkaaaaan,lanjutkan,l
lapakk,lapak,l
latian,latihan,l
lau,kau,l
lawaaaas,lawas,l
lbh,lebih,l
lbih,lebih,l
lbihh,lebih,l
lcu,lucu,l
le,boleh,l
lebar2,lebar-lebar,l
lebayy,lebay,l
lebh,lebih,l
ledekin,ledeki,l
ledkin,meledeki,l
lengkapp,lengkap,l
lengkeeett,lengket,l
lenje,lenjeh,l
lepasin,melepas,l
lggeng,langgeng,l
lggi,lagi,l
lgkah2,langkah-langkah,l
lgs,langsung,l
lgsung,langsung,l
lgu,lagu,l
lgunya,lagunya,l
lh,boleh,l
lha,lah,l
lhat,lihat,l
lhir,lahir,l
lhirr,lahir,l
lhoo,loh,l
lhooo,loh,l
liaat,lihat,l
liaatt,lihat,l
liad,lihat,l
liat'y,lihatnya,l
liat2,lihat-lihat,l
liatiii,lihat,l
liatin,memperlihatkan,l
liatlah,lihatlah,l
liatnya,lihatnya,l
liatnyaaa,lihatnya,l
liatt,lihat,l
liattt,lihat,l
lihaat,lihat,l
lihaatttt,lihat,l
liht,lihat,l
lipetan,lipatan,l
liptsk,lipstik,l
liyat,lihat,l
liyatnya,lihatnya,l
lkuin,lakukan,l
llki,lelaki,l
lluu,lu,l
lluuccuu,lucu,l
lma,lama,l
lngsing,langsing,l
lngsung,langsung,l
lohh,loh,l
lohhh,loh,l
lohhhh,loh,l
loksyut,lokasi syuting,l
loncatt,loncat,l
loncattt,loncat,l
loo,loh,l
looh,loh,l
loohhh,loh,l
looo,loh,l
loooh,loh,l
looohh,loh,l
lsg,langsung,l
lt,lantai,l
luaarrr,luar,l
luccu,lucu,l
luco,lucu,l
lucu2,lucu-lucu,l
lucuk,lucu,l
lucukkkkk,lucu,l
lucunaaa,lucunya,l
lucunyah,lucunya,l
lucuu,lucu,l
lucuukk,lucu,l
lucuuu,lucu,l
lucuuuk,lucu,l
lucuuuu,lucu,l
lucuuuuu,lucu,l
lucuuuuuuuu,lucu,l
lucuuuuuuuuuu,lucu,l
lucux,lucunya,l
luh,lu,l
luhhh,lu,l
lupain,melupakan,l
lurusin,meluruskan,l
luthuna,lucunya,l
lutu,lucu,l
lutuna,lucunya,l
lutunaa,lucunya,l
lutunaaa,lucunya,l
luu,lu,l
luucuuu,lucu,l
luuuaar,luar,l
luuuucuuu,lucu,l
lyt,lihat,l
m,sama,m
ma,sama,m
maaasss,mas,m
maafin,memaafi,m
maak,mak,m
maap,maaf,m
maapin,maaf,m
maau,mau,m
maauuu,mau,m
macam2,macam-macam,m
macem2,macam-macam,m
maenya,mainnya,m
mahall,mahal,m
mahh,mah,m
mahhhh,mah,m
mai,mau,m
main2,main-main,m
majuuu,maju,m
makany,makanya,m
makanyaa,makanya,m
makasi,terima kasih,m
make,memakai,m
"maki""",maki-maki,m
makkk,mak,m
makny,maknya,m
maksd,maksud,m
maksih,terima kasih,m
maksir,menaksir,m
maksutku,maksudku,m
malangg,malang,m
males,malas,m
malh,malah,m
malingg,maling,m
malsudnya,maksudnya,m
maluu,malu,m
maluuu,malu,m
maluuuu,malu,m
mama.nyy,mamanya,m
mamas,mas,m
mamax,mamanya,m
mamer,memamerkan,m
mampuussss,mampus,m
mampuuu,mampu,m
mancing2,memancing-mancing,m
mancungin,memancungkan,m
mandiin,memandikan,m
mang,memang,m
manisnyaaaa,manisnya,m
manisss,manis,m
manjain,memanjakan,m
mansetan,bermanset,m
mansyoallah,masyaallah,m
manta,mantan,m
mantaaap,mantap,m
mantaap,mantap,m
mantabb,mantab,m
mantabs,mantab,m
mantaff,mantap,m
mantanny,mantannya,m
mantapp,mantap,m
mantappp,mantap,m
mantapppppp,mantap,m
manteb,mantap,m
manteep,mantap,m
mantepp,mantap,m
manteppp,mantap,m
mantes,memantas,m
manusiy,manusia,m
marah2,marah-marah,m
marah2an,marah-marahan,m
marh,marah,m
martabakk,martabak,m
masa2,masa-masa,m
masaaaa,masa,m
masalahh,masalah,m
masi,masih,m
"masing""",masing-masing,m
masing2,masing-masing,m
masio,masih,m
maslah,masalah,m
maso,masa,m
massss,mas,m
masyaallahhh,masyaallah,m
masyarakay,masyarakat,m
mata'y,matanya,m
matany,matanya,m
mataq,mataku,m
mateeeeeeeeeeee,mati,m
mateeeek,mati,m
"mati""an",mati-matian,m
matii,mati,m
mato,mata,m
mattihhh,mati,m
mauu,mau,m
mauuu,mau,m
mauuuu,mau,m
mauuuuu,mau,m
mauuuuuu,mau,m
mauuuuuuu,mau,m
maw,mau,m
may,mau,m
mayan,lumayan,m
mayann,lumayan,m
mb,mbak,m
"mba""",mbak-mbak,m
mbaa,mbak,m
mbaaa,mbak,m
mbaaahhh,mbah,m
mbaaass,mbak,m
mbaak,mbak,m
mbaakk,mbak,m
mbahh,mbah,m
"mbak""",mbak-mbak,m
mbak2,mbak-mbak,m
mbaknyaahh,mbaknya,m
mbakx,mbaknya,m
mbanya,mbaknya,m
mbg,mbak,m
mbil,sambil,m
mbk,mbak,m
mblo,jomblo,m
mblooo,jomblo,m
mboizzz,bois,m
mbuh,embuh,m
mcm,macam,m
"mdh""",mudah-mudah,m
mdh2an,mudah-mudahan,m
mdh2n,mudah-mudahan,m
megang,memegang,m
mehoonggggg,mahal,m
meker,mikir,m
melahirin,melahirkan,m
melakukn,melakukan,m
melebihin,melebihi,m
melihara,memelihara,m
meluk,memeluk,m
"membanding""",membanding-banding,m
menasehati,menasihati,m
menbelah,membelah,m
mendam,memendam,m
mendapatkn,mendapatkan,m
mendj,menjadi,m
menegerti,mengerti,m
mengait2kan,mengait-ngaitkan,m
mengalahkn,mengalahkan,m
mengherthii,mengerti,m
menghilangkn,menghilangkan,m
mengikutii,mengikuti,m
mengirusi,mengurusi,m
mengncang,mengencang,m
mengperbolehkan,memperbolehkan,m
menjdi,menjadi,m
menjelekan,menjelekkan,m
"mentah""",mentah-mentah,m
"mentang""",mentang-mentang,m
menurur,menurut,m
menyebut2,menyebut-nyebut,m
menyenangkn,menyenangkan,m
meranin,memerankan,m
mereka2,mereka-mereka,m
merekaa,mereka,m
merekaaaa,mereka,m
merekak,mereka,m
meriahh,meriah,m
merindinggg,merinding,m
merka,mereka,m
merrid,merit,m
mesrany,mesranya,m
met,selamat,m
mf,maaf,m
mff,maaf,m
mg,moga,m
mgk,mungkin,m
mh,mah,m
miara,memiara,m
mikir2,memikir-mikir,m
mikirin,memikirkan,m
mikirinnn,memikirkan,m
milih,memilih,m
milikin,memiliki,m
mimin,admin,m
mimpiii,mimpi,m
minpi,mimpi,m
minta,meminta,m
mintk,minta,m
"minyak""an",minyak-minyakan,m
miriiiiip,mirip,m
miriiiip,mirip,m
miriiippp,mirip,m
miriip,mirip,m
miring2,miring-miring,m
miriplahhhhhh,miriplah,m
miripp,mirip,m
mirippp,mirip,m
miripppp,mirip,m
mirp,mirip,m
mitnah,memfitnah,m
mk,maka,m
mk.a,makanya,m
mkanya,makanya,m
mkin,makin,m
mkir,memikir,m
mkn,makin,m
mknya,makanya,m
mksdku,maksudku,m
mksdny,maksudnya,m
mksdnya,maksudnya,m
mksdx,maksudnya,m
mksh,terima kasih,m
mksih,terima kasih,m
mkst,maksud,m
mksud,maksud,m
mlepaskan,melepaskan,m
mlh,malah,m
mlikk,milik,m
mlm,malam,m
mlt.a,mulutnya,m
mlu,malu,m
mlz,malas,m
mmang,memang,m
mmbanggakan,membanggakan,m
mmbela,membela,m
mmberi,memberi,m
mmberikan,memberikan,m
mmberikn,memberikan,m
mmbodohkan,membodohkan,m
mmg,memang,m
mmperbaiki,memperbaiki,m
mmz,mas,m
mn,mana,m
mna,mana,m
mnambh,menambah,m
mncoba,mencoba,m
mndaptkan,mendapatkan,m
mnding,mending,m
mndpat,mendapat,m
mndpt,mendapat,m
mnerima,menerima,m
mngasi,mengasih,m
mngerti,mengerti,m
mnghina,menghina,m
mngikuti,mengikuti,m
mngira,mengira,m
mngkannya,mangkanya,m
mngkin,mungkin,m
mnilai,menilai,m
mnis2nya,manis-manisnya,m
mnisss,manis,m
mnjadi,menjadi,m
mnjawab,menjawab,m
mnjdi,menjadi,m
mnjdkan,menjadikan,m
mnjijikaaaaaan,menjijikkan,m
mnjmput,menjemput,m
mnjual,menjual,m
mnrtkuu,menurutku,m
mnta,minta,m
mntn,mantan,m
mnusuk,menusuk,m
mnutup,menutup,m
model2,model-model,m
modes,modis,m
mohom,mohon,m
moqa,moga,m
motret,memotret,m
mrah,marah,m
mrangkul,merangkul,m
mreka,mereka,m
mrekaa,mereka,m
mrekaaaa,mereka,m
mrip,mirip,m
mrit,merit,m
mrk,mereka,m
mrka,mereka,m
mrnghadapi,menghadapi,m
mrusak,merusak,m
ms,masih,m
"ms""",masa-masa,m
msa,masa,m
msalah,masalah,m
msg2,masing-masing,m
msih,masih,m
mskasih,terima kasih,m
msknya,masaknya,m
mslhnya,masalahnya,m
mst,mesti,m
msuk,masuk,m
mtanya,matanya,m
mti,mati,m
mualll,mual,m
muantaap,mantap,m
muantteepp,mantap,m
mudaa,muda,m
"mudah""an",mudah-mudahan,m
"mudah""n",mudah-mudahan,m
mudah2,mudah-mudah,m
mudah2an,mudah-mudahan,m
mudah2n,mudah-mudahan,m
"mudh""an",mudah-mudahan,m
muga,moga,m
"muka""",muka-muka,m
muka2,muka-muka,m
mukae,mukanya,m
mukanyaa,mukanya,m
mukax,mukanya,m
muke,muka,m
muliany,mulianya,m
mulusssss,mulus,m
mulut2,mulut-mulut,m
mulutny,mulutnya,m
mulutnyaaa,mulutnya,m
muluuu,melulu,m
munaafikk,munafik,m
munafikk,munafik,m
mungki,mungkin,m
mungkiin,mungkin,m
mupeng,muka pengin,m
muraaaaah,murah,m
murahhh,murah,m
murhan,murahan,m
murmer,murah meriah,m
mutihin,memutihkan,m
mutuain,memutuskan,m
mutusin,memutuskan,m
muuuu,mu,m
na,nya,n
naaaa,nya,n
naaaaahh,nah,n
naaaak,nak,n
naaahhh,nah,n
naek,naik,n
nafass,nafas,n
nafkahin,menafkahi,n
naggung,menanggung,n
nagiss,menangis,n
nahan,menahan,n
nahannnn,tahan,n
nahh,nah,n
nahhh,nah,n
najiss,najis,n
naka,nakal,n
naksir,menaksir,n
nakutin,menakutkan,n
"nama""",nama-nama,n
nama'in,namai,n
nama.a,namanya,n
namain,menamai,n
namany,namanya,n
namax,namanya,n
nambah,menambah,n
nambahh,bertambah,n
namnya,namanya,n
nampak,menampak,n
nampar,menampar,n
nanget,banget,n
nanggepin,menanggapi,n
nangiiiiis,menangis,n
nangiiis,menangis,n
nangiis,menangis,n
"nangis""",menangis-nangis,n
nangiss,menangis,n
nangisss,menangis,n
nantangin,menantang,n
nantii,nanti,n
nantiii,nanti,n
nantik,nanti,n
napsuu,napsu,n
nari,menari,n
narik,menarik,n
nasehatin,menasihati,n
natap,menatap,n
naturalllll,natural,n
nawarin,menawari,n
ncek,encek,n
nd,indak,n
ndukung,mendukung,n
nee,ini,n
negri,negeri,n
neh,nih,n
neko2,neko-neko,n
nempel,menempel,n
nemuin,menemukan,n
"nenek""",nenek-nenek,n
nenek2,nenek-nenek,n
nengok,menengok,n
nentuin,menentukan,n
nerawang,menerawang,n
nerima,menerima,n
nerusin,meneruskan,n
netaas,menetas,n
netes,menetes,n
nga,enggak,n
ngaca,mengaca,n
ngacaaa,mengaca,n
ngaco,mengaco,n
ngadain,mengadakan,n
ngademin,mengademkan,n
ngadu,mengadu,n
ngajak,mengajak,n
ngajar,mengajar,n
ngajarin,mengajari,n
ngaji,mengaji,n
ngajuin,mengajukan,n
ngak,enggak,n
ngakaaaakkk,mengakak,n
ngakakkk,mengakak,n
"ngaku""",mengaku-ngaku,n
ngalah,mengalah,n
ngalahin,mengalahkan,n
ngalir,mengalir,n
ngalirrrrr,mengalir,n
ngamatin,mengamati,n
ngambekan,ambekan,n
ngambeknya,mengambeknya,n
nganbek,mengambek,n
nganggepin,menanggapi,n
ngantar,mengantar,n
nganteng,ganteng,n
nganterin,mengantarkan,n
ngapasih,mengapa sih,n
ngapus,menghapus,n
ngarang,mengarang,n
ngarep,mengharap,n
ngareppppp,mengharap,n
ngarsipin,mengarsipkan,n
ngasi,mengasih,n
ngasih2,mengasih-ngasih,n
ngata2in,mengata-ngatai,n
ngatai,mengatai,n
ngatain,mengatai,n
ngatur,mengatur,n
ngayal,mengkhayal,n
ngcpin,mengucapkan,n
ngebala,bala,n
ngebales,membalas,n
ngebantu,membantu,n
ngebedain,membedakan,n
ngebela,membela,n
ngebelain,membela,n
ngebenci,membenci,n
ngebiarin,membiarkan,n
ngebolehin,membolehkan,n
ngebuktiin,membuktikan,n
ngecek,mengecek,n
nged,banget,n
ngeditnya,mengeditnya,n
ngedukung,mendukung,n
ngefans,fan,n
ngegampar,menggampar,n
ngegantiin,menggantikan,n
ngegemesin,menggemaskan,n
ngegmesin,menggemaskan,n
ngehakimi,menghakimi,n
ngehancurin,menghancurkan,n
ngehina,menghina,n
ngehujat,menghujat,n
ngeidealin,mengidealkan,n
ngejatuhin,manjatuhkan,n
ngejelek,menjelekkan,n
ngejelek2in,menjelek-jelekkan,n
ngejilat,menjilat,n
ngejuangin,memperjuangkan,n
ngekeh,kekeh,n
ngekek,mengekek,n
ngelahirin,melahirkan,n
ngelakuin,melakukan,n
ngelaporin,melaporkan,n
ngelarang,melarang,n
ngelawak,melawak,n
ngelawan,melawan,n
ngelewati,melewati,n
ngeliatin,melihati,n
ngeliatnya,melihatnya,n
ngelihat,melihat,n
ngelihatnya,melihatnya,n
ngeluarin,mengeluarkan,n
ngelucu,melucu,n
ngembali,kembali,n
ngepake',memakai,n
ngepoin,mengepoi,n
ngerampas,merampas,n
ngerasa,merasa,n
ngerasain,merasai,n
ngerayain,merayakan,n
ngerebut,merebut,n
"ngerebut""",merebut-rebut,n
ngerendahin,merendahkan,n
ngerespon,merespons,n
ngeri2,ngeri-ngeri,n
ngerii,ngeri,n
ngeriiiiii,ngeri,n
ngerrrriiii,ngeri,n
ngertii,mengerti,n
ngertiin,mengerti,n
ngerussak,merusak,n
ngeselin,mengesalkan,n
nget,banget,n
ngetik,mengetik,n
ngets,banget,n
ngetsz,banget,n
ngettt,banget,n
ngeuh,engah,n
ngfans,fan,n
ngg,enggak,n
nggali,menggali,n
nggeh,engah,n
ngggk,enggak,n
nggk,enggak,n
ngidam,mengidam,n
ngikutin,mengikuti,n
ngilang,menghilang,n
ngilangin,menghilangkan,n
ngilerrrr,mengiler,n
ngimpi,mimpi,n
ngingetin,mengingatkan,n
nginjek,menginjak,n
ngintilin,mengintil,n
ngintip,mengintip,n
ngiriii,mengiri,n
ngirim,mengirim,n
ngiringan,mengiringi,n
ngiritya,mengiritnya,n
ngitem,menghitam,n
ngk,enggak,n
ngkkkkkk,mengakak,n
ngmgin,mengomongkan,n
ngmngin,mengomongkan,n
ngmngnya,mengomongnya,n
ngobrol,mengobrol,n
ngoceh,mengoceh,n
ngocok,mengocok,n
ngolokin,mengolok,n
ngom,mengomong,n
ngomen,mengomentari,n
ngomenin,mengomentari,n
ngomentarin,mengomentari,n
ngomentnya,mengomentarinya,n
ngomng,mengomong,n
ngomomg,mengomong,n
"ngomong""",ngomong-ngomong,n
ngomongnya,mengomongnya,n
ngorbanin,mengorbankan,n
ngp,mengapa,n
ngrasain,merasai,n
ngrebut,merebut,n
ngri,negeri,n
ngriii,mengiri,n
ngrti,mengerti,n
ngrusak,merusak,n
ngrusin,mengurusi,n
ngtain,mengatai,n
ngtif,negatif,n
nguburin,menguburkan,n
ngucapin,mengucapkan,n
ngulangin,mengulangi,n
ngumbar,mengumbar,n
ngumbar2,mengumbar-umbar,n
ngumpat2,mengumpat-ngumpat,n
"ngumpet""",mengumpet-ngumpet,n
ngumung,mengomong,n
ngungkit2,mengungkit-ungkit,n
ngurusan,mengurusi,n
ngurusin,mengurusi,n
nh,nih,n
nha,nya,n
nich,nih,n
nih2,nih-nih,n
nihh,nih,n
nihhh,nih,n
nii,ini,n
niih,nih,n
niihh,nih,n
niiih,nih,n
niiihh,nih,n
niiiihh,nih,n
nikaah,nikah,n
nikahin,menikahi,n
nikmatin,menikmati,n
nilai2,nilai-nilai,n
nimpuk,menimpuk,n
ninggalin,meninggalkan,n
ninggiin,meninggikan,n
niru,meniru,n
niyyyyhhhh,nih,n
njay,anjay,n
njayyy,anjay,n
njerr,anjir,n
njiirr,anjir,n
njir,anjir,n
njirr,anjir,n
njirrr,anjir,n
njrittt,anjir,n
nm,nama,n
nmbah,bertambah,n
nmbk,menembak,n
nmnya,namanya,n
nmpk,nampak,n
nnt,nanti,n
nnti,nanti,n
nnton,menonton,n
nolongin,menolong,n
nonton,menonton,n
nontonnnn,menonton,n
nontonny,menontonnya,n
nontonx,menontonnya,n
nontonya,menontonnya,n
nontoonnn,menonton,n
novembr,november,n
nraktir,mentraktir,n
nrka,neraka,n
nt,nanti,n
ntab,mantab,n
ntaf,mantap,n
ntah,entah,n
ntap,mantap,n
ntappp,mantap,n
ntapsss,mantap,n
nti,nanti,n
ntik,cantik,n
ntikk,cantik,n
nton,menonton,n
ntr,entar,n
nuduh,menuduh,n
nulis,menulis,n
nunduk,menunduk,n
nunggu,menunggu,n
nungguin,menunggu,n
nuntut,menuntut,n
nusuk,menusuk,n
"nutup""in",menutup-nutupi,n
ny,nya,n
nyaa,nya,n
nyaaa,nya,n
nyaaaa,nya,n
nyaaaaaaa,nya,n
nyaaaaaaaaa,nya,n
nyaaaaaaaaaaaaa,nya,n
nyadar,menyadar,n
nyah,nya,n
nyakitin,menyakiti,n
nyalahin,menyalahkan,n
nyamain,menyamakan,n
nyambet,menyambat,n
nyambung,menyambung,n
nyambungin,menyambung,n
nyampah,menyampah,n
nyampe,sampai,n
nyampein,menyampaikan,n
nyampenya,sampainya,n
nyangka,menyangka,n
nyangkaa,menyangka,n
nyangkutnya,menyangkutnya,n
nyanyiin,menyanyikan,n
nyaranin,menyarankan,n
nyaru,menyaru,n
nyatakan,menyatakan,n
nyatok,mencatok,n
nyebelin,menyebalkan,n
nyebur,mencebur,n
nyebut2,menyebut-nyebut,n
nyebutin,menyebutkan,n
nyelesain,menyelesaikan,n
nyempetin,menyempatkan,n
nyender,menyandar,n
nyenengin,menyenangkan,n
nyengir,menyengir,n
nyeniii,menyeni,n
nyeplak,menjiplak,n
nyerocooooos,mencerocos,n
nyerocos,mencerocos,n
nyesek,menyesak,n
nyesel,menyesal,n
nyesell,menyesal,n
nyet,monyet,n
nyia2in,menyia-nyiakan,n
nyimak,menyimak,n
nyimpen,menyimpan,n
nyindir,menyindir,n
nyindirin,menyindir,n
nyinyirin,nyinyir,n
nyir2,nyinyir,n
nyo,nya,n
nyoba,mencoba,n
nyobain,mencoba,n
nyolong,mencolong,n
nyolot,menyolot,n
nyolotinnnn,menyolot,n
nyta,nyata,n
nyubit,mencubit,n
nyubitt,mencubit,n
nyupir,menyopir,n
nyusahhin,menyusahkan,n
nyusahin,menyusahkan,n
nyusul,menyusul,n
oalaaaa,walah,o
ohh,oh,o
ohhhh,oh,o
oles2,oles-oles,o
oma2,oma-oma,o
omaaaaaaakk,oma,o
omdo,omong doang,o
omongin,omongkan,o
ongkiir,ongkir,o
ongkirr,ongkir,o
ono,sono,o
onoh,sono,o
ooh,oh,o
oom,om,o
oooh,oh,o
oplas,operasi plastik,o
oprasi,operasi,o
oprasiya,operasinya,o
or,orang,o
orabg,orang,o
"orang""",orang-orang,o
"orang""nya",orang-orangnya,o
orang2,orang-orang,o
orangg,orang,o
org,orang,o
orgny,orangnya,o
orgtuanya,orang tuanya,o
ori,orisinal,o
orlaen,orang lain,o
orng,orang,o
orrunya,orang tuanya,o
ortuny,orang tuanya,o
ortunya,orang tuanya,o
otot2,otot-otot,o
owalaah,walah,o
owh,oh,o
pa,apa,p
pa2,apa-apa,p
paaak,pak,p
paati,pasti,p
pacara,pacaran,p
pacarane,pacarannya,p
pacaranya,pacarannya,p
pacarn,pacaran,p
pacarnyaa,pacarnya,p
pacarr,pacar,p
pacarrr,pacar,p
padahall,padahal,p
padahl,padahal,p
padet,padat,p
padetan,padatan,p
padhe,pakde,p
padhl,padahal,p
pahalax,pahalanya,p
pahamin,memahami,p
pait,pahit,p
pakek,pakai,p
pakke,pakai,p
paksain,memaksa,p
palgi,apalagi,p
palinf,paling,p
palingann,palingan,p
pan,kapan,p
pandanginya,memandanginya,p
panggilan'y,panggilannya,p
panggilan'ya,panggilannya,p
panglingg,pangling,p
pankapan,kapan-kapan,p
pans,fan,p
pantes,pantas,p
pantess,pantas,p
papahhhnya,papahnya,p
papiii,papi,p
para2,parah-parah,p
paraa,para,p
paraaah,parah,p
paraah,parah,p
parahh,parah,p
paripurnahh,paripurna,p
parsis,persis,p
pas2an,pas-pasan,p
pasangn,pasangan,p
"pasien""nya",pasien-pasiennya,p
pass,pas,p
passs,pas,p
past,pasti,p
pastii,pasti,p
payahh,payah,p
pcar,pacar,p
pcaran,pacaran,p
pcaranya,pacarannya,p
pcarny,pacarnya,p
pcran,pacaran,p
pcrn,pacaran,p
pcrnya,pacarnya,p
pda,pada,p
pdahal,padahal,p
pdhal,padahal,p
pdhall,padahal,p
pdhl,padahal,p
pdng,padang,p
pecahhg,pecah,p
pedes,pedas,p
pedesssss,pedas,p
peduliin,mempedulikan,p
pedulilaaaah,pedulilah,p
peen,pengin,p
peengn,pengin,p
pegang2,pegang-pegang,p
pegangin,memegang,p
pelastik,plastik,p
peleotin,meleot,p
peliharaaaa,pelihara,p
pelwak,pelawak,p
pemainy,pemainnya,p
pen,pengin,p
penasaraaann,penasaran,p
penasarannnn,penasaran,p
penasarn,penasaran,p
penbelian,pembelian,p
pengalam,pengalaman,p
pengan,pengin,p
penganten,pengantin,p
pengeeenn,pengin,p
pengen,pengin,p
pengenn,pengin,p
pengennn,pengin,p
pengennnn,pengin,p
penghrgaan,penghargaan,p
pengikuy,pengikut,p
pengn,pengin,p
pengrusak,perusak,p
pensaran,penasaran,p
pentass,pentas,p
pentingg,penting,p
penyakitny,penyakitnya,p
penyanyi2,penyanyi-penyanyi,p
penyebab2,penyebab-penyebab,p
peragain,peragakan,p
perasaanny,perasaannya,p
perbaikin,memperbaiki,p
perbulannn,perbulan,p
percya,percaya,p
perhatiam,perhatian,p
perilakuny,perilakunya,p
perjabatt,pejabat,p
permasalhkan,permasalahkan,p
perna,pernah,p
pernikahn,pernikahan,p
personill,personil,p
pertamany,pertamanya,p
pertma,pertama,p
perubut,perebut,p
pesen,pesan,p
petinggi2,petinggi-petinggi,p
pg,pagi,p
pgen,pengin,p
pgi,pagi,p
pgin,pengin,p
pgn,pengin,p
pgnnya,penginnya,p
piiiilih,pilih,p
piiink,pink,p
"pikir""",pikir-pikir,p
pilihannny,pilihannya,p
pilihnmu,pilihanmu,p
pilm,film,p
pingin,pengin,p
pinginnn,pengin,p
pinkkkk,pink,p
pinter,pintar,p
pintr,pintar,p
pipi'y,pipinya,p
pipine,pipinya,p
pipinyaaa,pipinya,p
pjang,pajang,p
pjg,panjang,p
pkai,pakai,p
pke,pakai,p
pkee,pakai,p
pkek,pakai,p
pkk,pakai,p
pkoknya,pokoknya,p
pkoknyaa,pokoknya,p
pkrin,pikirkan,p
pla,pula,p
plampiasannn,pelampiasan,p
pling,paling,p
pljaran,pelajaran,p
pljrn,pelajaran,p
plsa,pulsa,p
pluk,peluk,p
pmbantu,pembantu,p
pmbelajaran,pembelajaran,p
pmbyran,pembayaran,p
pndah,pindah,p
pndang,pandang,p
pndapat,pendapat,p
pngen,pengin,p
pngenn,pengin,p
pngn,pengin,p
pnjang,panjang,p
pnjerumus,penjerumus,p
pnjng,panjang,p
pnjual,penjual,p
pnting,penting,p
pnuh,penuh,p
pny,punya,p
pnya,punya,p
pnyaa,punya,p
poko,pokok,p
pokok'a,pokoknya,p
pokonya,pokoknya,p
polll,pol,p
pollll,pol,p
ponakn,ponakan,p
poollll,pol,p
poool,pol,p
poooolllll,pol,p
positippp,positif,p
ppa,papa,p
praktekin,mempraktikkan,p
prasaan,perasaan,p
prawatan,perawatan,p
prcuma,percuma,p
prcy,percaya,p
prcya,percaya,p
prempuan,perempuan,p
prh,parah,p
prhatian,perhatian,p
prinadi,pribadi,p
prjuangan,perjuangan,p
prlu,perlu,p
prmpuan,perempuan,p
prnah,pernah,p
prodac,produk,p
prodak,produk,p
prodaknya,produknya,p
promil,program hamil,p
promoo,promo,p
protestin,protestan,p
prsatukn,persatukan,p
prtamax,pertamanya,p
prwatn,perawatan,p
prwtn,perawatan,p
ps,pas,p
psangan,pasangan,p
psgn,pasangan,p
pu,punya,p
pucing,pusing,p
pukulin,pukuli,p
pulaa,pula,p
pulak,pula,p
punn,pun,p
punyaaa,punya,p
pura2,pura-pura,p
pusingggg,pusing,p
putihh,putih,p
putihnyaa,putihnya,p
px,punya,p
py,punya,p
pyudara,payudara,p
q,ku,q
qaqaaaa,kakak,q
qm,kamu,q
qo,kok,q
qta,kita,q
qu,ku,q
rajin2,rajin-rajin,r
rame2,rame-rame,r
rana,ranah,r
rapih,rapi,r
rasaiin,rasai,r
rasain,rasai,r
rasakn,rasakan,r
rata2,rata-rata,r
rb,ribu,r
recomendasinya,rekomendasinya,r
recommendasi,rekomendasi,r
redho,ridho,r
rekomendain,rekomendasikan,r
rekomendasiiin,merekomendasikan,r
rekomendasiin,merekomendasikan,r
rekomndd,rekomendasi,r
relaaaa,rela,r
remang2,remang-remang,r
repong,repot,r
repot2,repot-repot,r
rezeqinya,rezekinya,r
rezki,rezeki,r
ributin,meributkan,r
rinduuuuuuu,rindu,r
rinduuuuuuuuu,rindu,r
rinduuuuuuuuuu,rindu,r
rmbt,rambut,r
rmbut,rambut,r
rmbutnya,rambutnya,r
rmbuut,rambut,r
romantisny,romatisnya,r
romantiss,romantis,r
romantiz,romantis,r
romntis,romantis,r
rpt2,repot-repot,r
rumh,rumah,r
rumpiin,rumpi,r
rupa2nya,rupa-rupanya,r
rusakkk,rusak,r
s,si,s
s'lalu,selalu,s
s*inetr*n,sinetron,s
s3ndiri,sendiri,s
saat2,saat-saat,s
saayyyyy,say,s
sabaarrr,sabar,s
sabal,sabar,s
sabaro,sabar,s
sabarrr,sabar,s
sabarrrrr,sabar,s
sadis2,sadis-sadis,s
sahabatt,sahabat,s
salaam,salam,s
salahin,salahkan,s
salammmm,salam,s
salehah,salihah,s
salfok,salah fokus,s
salluutt,salut,s
saltummmm,salah kostum,s
sam,sama,s
"sama""",sama-sama,s
sama2,sama-sama,s
samaa,sama,s
samaaaa,sama,s
samara,sakinah mawadah rahman,s
samoga,semoga,s
sampai2,sampai-sampai,s
sampein,sampaikan,s
sampek,sampai,s
sampis,sampah habis,s
sampw,sampai,s
sangaaattt,sangat,s
sangat2,sangat-sangat,s
sangattt,sangat,s
sanggat,sangat,s
sangt,sangat,s
santab,santap,s
sapa2,sapa-sapa,s
saranin,menyarankan,s
sasama,sesama,s
satupunn,satupun,s
satuu,satu,s
satuuuuu,satu,s
saudra,saudara,s
say,sayang,s
saya2,saya-saya,s
sayaa,saya,s
sayaang,sayang,s
sayangg'',sayang-sayang,s
sayanggg,sayang,s
sayangggq,sayangku,s
sayangkuh,sayangku,s
sayangkuuuuu,sayangku,s
sayangx,sayangnya,s
sayy,sayang,s
sayyy,say,s
sbagai,sebagai,s
sbaiknya,sebaiknya,s
sbbrnya,sebenarnya,s
sbbyak,sebanyak,s
sbelah,sebelah,s
sbelum,sebelum,s
sbenernya,sebenarnya,s
sbg,sebagai,s
sbgai,sebagai,s
sbhabat,sahabat,s
sblah,sebelah,s
sblh,sebelah,s
sblm,sebelum,s
sblmny,sebelumnya,s
sblmnya,sebelumnya,s
sblum,sebelum,s
sbnarnya,sebenarnya,s
sbnyak,sebanyak,s
sbr,sabar,s
sbuah,sebuah,s
sby,surabaya,s
scpatny,secepatnya,s
scra,secara,s
sdah,sudah,s
sdg,sedang,s
sdh,sudah,s
sdkit,sedikit,s
sdkit2,sedikit-sedikit,s
sdri,sendiri,s
seandainy,seandainya,s
"sebaik""",sebaik-baik,s
sebelum2nya,sebelum-sebelumnya,s
sebelumbya,sebelumnya,s
sebenernya,sebenarnya,s
sebnyak,sebanyak,s
"seburuk""",seburuk-buruk,s
seburuk2,seburuk-buruk,s
sedangkn,sedangkan,s
sedihh,sedih,s
sedihhh,sedih,s
sedikitlaahh,sedikitlah,s
see,sih,s
seeeemua,semua,s
seeh,sih,s
seehh,sih,s
"segala""ny",segala-galanya,s
segala2nya,segala-galanya,s
seger,segar,s
segerr,segar,s
segerrrr,segar,s
segitunya,sebegitunya,s
segtu,sebegitu,s
seh,sih,s
seharusny,seharusnya,s
sehat2,sehat-sehat,s
sehh,sih,s
seindonesiyah,seindonesia,s
sekaeang,sekarang,s
sekali2,sekali-kali,s
sekalii,sekali,s
sekaliiii,sekali,s
sekaliiiii,sekali,s
sekangen2,sekangen-kangen,s
sekarng,sekarang,s
seklian,sekalian,s
sekolahin,sekolahkan,s
sekrang,sekarang,s
sekrng,sekarang,s
seksii,seksi,s
selaloe,selalu,s
selaluu,selalu,s
sellow,selow,s
selmat,selamat,s
selmnya,selamanya,s
selmt,selamat,s
seluru,seluruh,s
semangaatt,semangat,s
semangaatttt,semangat,s
semangatt,semangat,s
semangattt,semangat,s
sembuhin,menyembuhkan,s
"sembunyi""""",sembunyi-sembunyi,s
semngat,semangat,s
semogaa,semoga,s
sempurnaa,sempurna,s
sempurnaaaaa,sempurna,s
semuaaa,semua,s
semuannyaaa,semuanya,s
semuanyaa,semuanya,s
semuanyaaaa,semuanya,s
senang2,senang-senang,s
senangat,semangat,s
sendeng,senang,s
sendirii,sendiri,s
sendirinnya,sendirinya,s
sendirinyya,sendirinya,s
sendirir,sendiri,s
sendri,sendiri,s
seneeeeeng,senang,s
seneng,senang,s
senengg,senang,s
senenggg,senang,s
senengin,senangi,s
senyumin,senyumi,s
senyumna,senyumnya,s
seorg,seorang,s
serasiii,serasi,s
serem,seram,s
"serem""",seram-seram,s
serem2,seram-seram,s
sering2,sering-sering,s
seru2,seru-seru,s
seru2an,seru-seruan,s
seruu,seru,s
seruuu,seru,s
sesatt,sesat,s
sesekk,sesak,s
setabil,stabil,s
setelur2nya,setelur-telurnya,s
seterong,setrong,s
setju,setuju,s
setujuuu,setuju,s
setujuuuu,setuju,s
sewain,menyewa,s
sexi,seksi,s
sexi2,seksi-seksi,s
sexxi,seksi,s
sey,sih,s
sgampang,segampang,s
sgla,segala,s
sgtu,sebegitu,s
sgtu'y,sebegitunya,s
shaaaay,say,s
shaay,say,s
shabat,sahabat,s
sharusnya,seharusnya,s
shat,sehat,s
shay,say,s
shayy,say,s
shayyy,say,s
shbat,sahabat,s
shbt,sahabat,s
sholihah,salihah,s
si,sih,s
sia2kan,sia-siakan,s
siapa2,siapa-siapa,s
siapaa,siapa,s
siapayahh,siapa ya,s
siappa,siapa,s
sibukx,sibuknya,s
sich,sih,s
sichh,sih,s
sichhhhhhhhhh,sih,s
sie,sih,s
sihat,sehat,s
sihh,sih,s
sihhh,sih,s
sihhhh,sih,s
sii,sih,s
siih,sih,s
siihh,sih,s
siihhh,sih,s
siiih,sih,s
siiihh,sih,s
siiihhh,sih,s
siiiiiiippppppppp,sip,s
siip,sip,s
siipp,sip,s
siippp,sip,s
"sikap""",sikap-sikap,s
silahkan,silakan,s
silahkn,silakan,s
silauuu,silau,s
silsturahmi,silaturahmi,s
simpen,simpan,s
sinet,sinetron,s
sintron,sinetron,s
sipiit,sipit,s
sipp,sip,s
siriik,sirik,s
sirikk,sirik,s
sisain,menyisakan,s
sista2,sista-sista,s
sitayngin,ditayangkan,s
sja,saja,s
sjk,sejak,s
sk,suka,s
ska,suka,s
skali,sekali,s
skali2,sekali-kali,s
skaligus,sekaligus,s
skalii,sekali,s
skarang,sekarang,s
skedar,sekadar,s
skg,sekarang,s
skit,sakit,s
skitar,sekitar,s
skli,sekali,s
sklinyaa,sekalinya,s
skluarga,sekeluarga,s
skolah,sekolah,s
skr,sekarang,s
skrang,sekarang,s
skrg,sekarang,s
skrng,sekarang,s
skrngnya,sekarangnya,s
skrnh,sekarang,s
sktika,seketika,s
sktlrang,sekarang,s
slah,salah,s
slahkan,salahkan,s
slalu,selalu,s
slaluuuuu,selalu,s
slam,salam,s
slama,selama,s
slamat,selamat,s
slamet,selamat,s
slamt,selamat,s
slh,salah,s
slhkan,salahkan,s
sling,saling,s
sllu,selalu,s
slm,salam,s
slmat,selamat,s
slmnya,salamnya,s
slmt,selamat,s
slmttt,selamat,s
slw,selow,s
sm,sama,s
sm2,sama-sama,s
sma2,sama-sama,s
smakin,semakin,s
smangat,semangat,s
smbil,sambil,s
smentara,sementara,s
smg,semoga,s
smga,semoga,s
smgaa,semoga,s
smkin,semakin,s
smnagatin,menyemangati,s
smngat,semangat,s
smnjak,semenjak,s
smog,semoga,s
smoga,semoga,s
smogaaa,semoga,s
smp,sampai,s
smpai,sampai,s
smpe,sampai,s
smrg,semarang,s
smster,semester,s
smua,semua,s
smuaaa,semua,s
smulla,semula,s
smvk,sempak,s
sna,sana,s
sndr,sendiri,s
sndri,sendiri,s
sneng,senang,s
sngaja,sengaja,s
sngt,sangat,s
so,sok,s
soal'y,soalnya,s
soalx,soalnya,s
soga,moga,s
sok2,sok-sok,s
sok2an,sok-sokan,s
sokk,sok,s
sp,siapa,s
sperti,seperti,s
spertinya,sepertinya,s
sprt,seperti,s
spti,seperti,s
srng,sering,s
srpti,seperti,s
srruu,seru,s
srta,serta,s
ssorg,seseorang,s
sstu,sesuatu,s
staf2nya,staf-stafnya,s
stagahhhh,astaga,s
statusx,statusnya,s
steess,stres,s
stidaknya,setidaknya,s
stimpal,setimpal,s
stju,setuju,s
stp,setiap,s
stress,stres,s
sttus,status,s
stu,satu,s
stuju,setuju,s
suami'y,suaminya,s
suamiii,suami,s
suamiiiii,suami,s
suaminga,suaminya,s
suaminy,suaminya,s
suaranyaa,suaranya,s
suaranyaaaaaa,suaranya,s
suaraynyaa,suaranya,s
suarranya,suaranya,s
subahanallah,subhanallah,s
subhanaallahh,subhanallah,s
subhanallahhh,subhanallah,s
subhanalloh,subhanallah,s
subhannallah,subhanallah,s
subhnallah,subhanallah,s
suces,sukses,s
sucses,sukses,s
sud,sudah,s
suda,sudah,s
sudab,sudah,s
sudh,sudah,s
suerrr,suer,s
suipit,sipit,s
suka.a,sukanya,s
suka2,suka-suka,s
sukaa,suka,s
sukaaa,suka,s
sukaaaa,suka,s
sukaaaaaa,suka,s
sukaaak,suka,s
sukak,suka,s
sukakkk,suka,s
sukam,suka,s
sukkaa,suka,s
suko,suka,s
sukse,sukses,s
suksea,sukses,s
suksess,sukses,s
sukur2,sukur-sukur,s
sumai,suami,s
sumpahh,sumpah,s
sumpeh,sumpah,s
sumvahh,sumpah,s
sunah2,sunah-sunah,s
sunggu,sungguh,s
sungguh2,sungguh-sungguh,s
supeer,super,s
surgaa,surga,s
suru,suruh,s
sweger,segar,s
swmntara,sementara,s
sya,saya,s
syang,sayang,s
syantiek,cantik,s
syantiiiiikkkkkkkkkkkk,cantik,s
syantik,cantik,s
syediih,sedih,s
syediiihhh,sedih,s
syekaliii,sekali,s
sygkuu,sayangku,s
"syirik""",syirik-syirik,s
syng,sayang,s
syngnya,sayangnya,s
synk,sayang,s
sypa,siapa,s
syratnya,syaratnya,s
syukaaakkk,suka,s
taek,tahi,t
taekk,tahi,t
tah,teh,t
tahannn,tahan,t
"tahun""",tahun-tahun,t
tahun2,tahun-tahun,t
tai,tahi,t
taiiii,tahi,t
takuttt,takut,t
takuuuuut,takut,t
tambahh,tambah,t
tambahim,tambahkan,t
tambahin,tambahkan,t
tambh,tambah,t
tampialannya,tampilannya,t
tamvann,tampan,t
tanda2nya,tanda-tandanya,t
tanggung2,tanggung-tanggung,t
tangkep,tangkap,t
"tante""",tante-tante,t
tante2,tante-tante,t
tantee,tante,t
tanteny,tantenya,t
tanya2,tanya-tanya,t
tanyain,tanyakan,t
tanyang,tayang,t
taon,tahun,t
tap8,tapi,t
tapii,tapi,t
tapo,tapi,t
tappi,tapi,t
tau2,tau-tau,t
tauu,tau,t
tauuu,tau,t
tauuuu,tau,t
tauuuuu,tau,t
taux,taunya,t
tay,tahi,t
tayik,tahi,t
taz,atas,t
tbuh,tubuh,t
tdak,tidak,t
tdnya,tadinya,t
tdr,tidur,t
tdung,tudung,t
tdur,tidur,t
tebel,tebal,t
tebir,ribet,t
"tebir""",ribet-ribet,t
tegaar,tegar,t
teguran2,teguran-teguran,t
tehh,teh,t
tehhh,teh,t
tehhhh,teh,t
telaatt,telat,t
telefisi,televisi,t
telimakacih,terima kasih,t
"teman""ny",teman-temannya,t
teman2,teman-teman,t
tembemmm,tembem,t
tembokk,tembok,t
"temen""",teman-teman,t
temen-temen,teman-teman,t
temenan,berteman,t
temenkuuh,temanku,t
temenn,teman,t
temennya,temannya,t
tempat2,tempat-tempat,t
tempt,tempat,t
tengah2,tengah-tengah,t
tengaj,tengah,t
tenggah,tengah,t
tenny,tenang,t
tentanh,tentang,t
terangkhn,terangkan,t
terbaeeeek,terbaik,t
terbaeq,terbaik,t
terbaiiikkkkk,terbaik,t
terbaikkk,terbaik,t
terburu2,terburu-buru,t
terhaaru,terharu,t
terharuuu,terharu,t
terharuuuu,terharu,t
terimaksih,terima kasih,t
teringt,teringat,t
terjrumus,terjerumus,t
terkenall,terkenal,t
termiribkan,termiripkan,t
termuraaahhhh,termurah,t
termurahhh,termurah,t
termurahhhh,termurah,t
ternodain,ternodai,t
ternyataa,ternyata,t
terong2an,terong-terongan,t
terossss,terus,t
terrrrbaik,terbaik,t
teru,terus,t
"terus""an",terus-terusan,t
terus2an,terus-terusan,t
teruss,terus,t
terusss,terus,t
teruuss,terus,t
teruz,terus,t
teruzzz,terus,t
testi,testimoni,t
testinya,testimoninya,t
tetaplaah,tetaplah,t
tetapppp,tetap,t
tetehh,teteh,t
tetep,tetap,t
tetp,tetap,t
teyuss,terus,t
tgk,tengok,t
th,tahun,t
th2,tahun-tahun,t
than,tahan,t
thdp,terhadap,t
therchakitty,tersakiti,t
thnan,tahunan,t
thu,tuh,t
thun,tahun,t
tiba2,tiba-tiba,t
tidakkkk,tidak,t
tiga2nya,tiga-tiganya,t
tikung2,tikung-tikung,t
tingal,tinggal,t
tinggalin,tinggalkan,t
tinggalkn,tinggalkan,t
tinggall,tinggal,t
tinggl,tinggal,t
tipe2,tipe-tipe,t
tips2,tips-tips,t
tipu2nya,tipu-tipunya,t
tium,cium,t
tk,tak,t
tkut,takut,t
tlg,tolong,t
tlog,tolong,t
tlsn,tulisan,t
tlvn,telepon,t
tmbm,tembam,t
tmen,teman,t
tmn,teman,t
tmn2nya,teman-temannya,t
tnang,tenang,t
tnggl,tanggal,t
tnggu,tunggu,t
tngh,tengah,t
tnp,tanpa,t
tnpa,tanpa,t
tntg,tentang,t
tntram,tentram,t
tnya,tanya,t
to,tapi,t
tohh,toh,t
tokayyy,tahi,t
toketnya,teteknya,t
tolernsi,toleransi,t
toloollll,tolol,t
tongolin,menongol,t
tot,entot,t
tpii,tapi,t
tpy,tapi,t
trasa,terasa,t
trbaik,terbaik,t
trbaikk,terbaik,t
trbukti,terbukti,t
trganggu,terganggu,t
trhtung,terhitung,t
trjadi,terjadi,t
trjd,terjadi,t
trknal,terkenal,t
trkrim,terkirim,t
trlihat,terlihat,t
trll,terlalu,t
trmanis,termanis,t
trmasuk,termasuk,t
trmsuk,termasuk,t
trnyata,ternyata,t
troma,trauma,t
trpsah,terpisah,t
trrharu,terharu,t
trsa,terasa,t
trserah,terserah,t
trserh,terserah,t
trsrh,terserah,t
trun,turun,t
trus,terus,t
trusan.a,terusannya,t
trusss,terus,t
trussss,terus,t
tsb,tersebut,t
ttap,tetap,t
tteh,teteh,t
ttep,tetap,t
tth,teteh,t
ttinggi,tinggi,t
ttp,tetap,t
tu,itu,t
tua2,tua-tua,t
tuany,tuanya,t
tuhanny,tuhannya,t
tuhh,tuh,t
tuhhh,tuh,t
tuk,untuk,t
tukan,tukang,t
tullus,tulus,t
tumpe2,tumpah-tumpah,t
tunggu2,tunggu-tunggu,t
tunjukan,tunjukkan,t
tunjukin,tunjukkan,t
tutorialx,tutorialnya,t
tutupin,menutupi,t
tuu,tuh,t
tuuh,tuh,t
tuuu,itu,t
tuuuuh,tuh,t
tuwanya,tuanya,t
tuwek,tua,t
tx,tak,t
uaaasssiiiik,asik,u
ubur2,ubur-ubur,u
ucapin,mengucapkan,u
ucul,lucu,u
ucull,lucu,u
ucullllll,lucu,u
uda,sudah,u
udah2,sudah-sudah,u
udahh,sudah,u
udahlah,sudahlah,u
udeh,sudah,u
udehh,sudah,u
udh,sudah,u
uga,juga,u
ugaaa,juga,u
ugha,juga,u
ughaa,juga,u
uhh,uh,u
uhhh,uh,u
uih,uh,u
uitnya,duitnya,u
ujung2,ujung-ujung,u
ujunggg,ujung,u
ulan,ulang,u
ultahe,ultahnya,u
ultha,ultah,u
undangan2,undangan-undangan,u
ungkapin,ungkapkan,u
ungkit2,ungkit-ungkit,u
univ,universitas,u
untk,untuk,u
unyu2,unyu-unyu,u
unyuu,unyu,u
unyuuk,unyu,u
urat2nya,urat-uratnya,u
ursan,urusan,u
urusanny,urusannya,u
urusin,mengurusi,u
urusn,urusan,u
usa,usah,u
usahh,usah,u
ush,usah,u
ustzah,ustazah,u
utkmu,untukmu,u
uuh,uh,u
uuhh,uh,u
uuhhh,uh,u
uuuuuaaaaaaaaaappppppppppiiiiiiiiiiiiiiiiiikkkkkkkkkkkkkkkk,apik,u
uwahhhhh,wah,u
uwakk,uwak,u
uwee,gue,u
uztad,ustad,u
w,gue,w
waaa,wah,w
waaaaw,wow,w
waaahhh,wah,w
waaaww,wow,w
waaawwww,wow,w
waah,wah,w
wadaaw,waduh,w
wado,waduh,w
waduhh,waduh,w
waduhhh,waduh,w
waduuuuh,waduh,w
wahh,wah,w
wahhh,wah,w
wahhhhhh,wah,w
wajarrr,wajar,w
wajiiib,wajib,w
waktunyaaa,waktunya,w
walik,balik,w
wanitah,wanita,w
wanjerrr,anjir,w
wanjiir,anjir,w
waoohhh,wah,w
warbiyasah,luar biasa,w
warnaaa,warna,w
warnany,warnanya,w
waw,wow,w
waww,wow,w
wawwwww,wow,w
wdooohhh,waduh,w
weeeh,wih,w
week,wig,w
wenak,enak,w
wenakk,enak,w
wewww,wow,w
widihh,waduh,w
wihh,wih,w
wihhh,wih,w
wihhhhhh,wih,w
wiih,wih,w
wiiiihhhh,wih,w
wiiiihhhhhhhhh,wih,w
wik,wig,w
wjh,wajah,w
wk,waktu,w
wktu,waktu,w
wktunya,waktunya,w
wlau,walau,w
wlaupun,walaupun,w
wlawpun,walaupun,w
wlo,walau,w
wlwpun,walaupun,w
woey,woy,w
woles,selow,w
wong2,wong-wong,w
woooiiiii,woy,w
woooiiiiiiii,woy,w
wooow,wow,w
wooowww,wow,w
woooyy,woy,w
woow,wow,w
woowwww,wow,w
wota2,wota-wota,w
wouww,wow,w
wowoooww,wow,w
woww,wow,w
wowww,wow,w
wowwww,wow,w
wowwwww,wow,w
woyyy,woy,w
wrn,warna,w
wuastagah,astaga,w
x,kali,x
xlian,kalian,x
yaa,ya,y
yaaa,ya,y
yaaa ,ya,y
yaaaa,ya,y
yaaaaaa,ya,y
yaaah,ya,y
yaaampunnn,ya ampun,y
yaaang,yang,y
yaah,ya,y
yaahh,ya,y
yaahhh,ya,y
yaak,ya,y
yaakk,ya,y
yaakkk,ya,y
yaampuuuunnnn,ya ampun,y
yaang,yang,y
yach,ya,y
yachhh,ya,y
yaelahhh,alah,y
yah,ya,y
yahbh,ya,y
yahh,ya,y
yahhh,ya,y
yahhhh,ya,y
yak,ya,y
yakaliiiii,yakali,y
yakinn,yakin,y
yakk,ya,y
yam,ya,y
yanckh,yang,y
yank,sayang,y
yankkk,sayang,y
yaoloh,yaallah,y
yaolohh,ya allah,y
yapp,ya,y
yappp,ya,y
yaudh,ya sudah,y
yawlah,ya allah,y
yawloh,ya allah,y
yayang,sayang,y
yee,ya,y
yeee,ya,y
yeeee,ya,y
yep,ya,y
yeuh,ya,y
ygs,sayang,y
yh,ya,y
yha,ya,y
yhaaa,ya,y
yng,yang,y
ynk,sayang,y
yoiii,yoi,y
yoiiu,yoi,y
yok,yuk,y
yokk,yuk,y
yokkk,yuk,y
yoo,ya,y
yook,yuk,y
yoooiii,yoi,y
yoookkkk,yuk,y
yooookkk,yuk,y
yooow,ya,y
yq,yang,y
ysh,ya,y
yu,yuk,y
yuh,tuh,y
yukk,yuk,y
yukkk,yuk,y
yukkkk,yuk,y
yuks,yuk,y
yukss,yuk,y
yuppss,ya,y
yuu,yuk,y
yuuk,yuk,y
yuukk,yuk,y
yuuks,yuk,y
yuuu,yuk,y
yuuuk,yuk,y
yuuuuk,yuk,y
yuuuukkk,yuk,y
yuwkkk,yuk,y
yya,ya,y
yyaaa,ya,y
z,saja,z
za,saja,z
zama,zaman,z
